date,Country/Region,Province/State,Confirmed,Deaths,Recovered,Latitude,Longitude,Active
2020-01-22,France,,0,0,0,,,0
2020-01-23,France,,0,0,0,,,0
2020-01-24,France,,2,0,0,,,2
2020-01-25,France,,3,0,0,,,3
2020-01-26,France,,3,0,0,,,3
2020-01-27,France,,3,0,0,,,3
2020-01-28,France,,4,0,0,,,4
2020-01-28,Germany,Bavaria,4,0,0,,,4
2020-01-29,France,,5,0,0,,,5
2020-01-29,Germany,Bavaria,4,0,0,,,4
2020-01-29,Finland,,1,0,0,,,1
2020-01-30,France,,5,0,0,,,5
2020-01-30,Germany,Bavaria,4,0,0,,,4
2020-01-30,Finland,,1,0,0,,,1
2020-01-31,France,,5,0,0,,,5
2020-01-31,Germany,Bavaria,5,0,0,,,5
2020-01-31,Italy,,2,0,0,,,2
2020-01-31,Finland,,1,0,0,,,1
2020-01-31,Sweden,,1,0,0,,,1
2020-02-01,Germany,,8,0,0,,,8
2020-02-01,France,,6,0,0,,,6
2020-02-01,Italy,,2,0,0,,,2
2020-02-01,Finland,,1,0,0,,,1
2020-02-01,Spain,,1,0,0,,,1
2020-02-01,Sweden,,1,0,0,,,1
2020-02-02,Germany,,10,0,0,,,10
2020-02-02,France,,6,0,0,,,6
2020-02-02,Italy,,2,0,0,,,2
2020-02-02,Finland,,1,0,0,,,1
2020-02-02,Spain,,1,0,0,,,1
2020-02-02,Sweden,,1,0,0,,,1
2020-02-03,Germany,,12,0,0,,,12
2020-02-03,France,,6,0,0,,,6
2020-02-03,Italy,,2,0,0,,,2
2020-02-03,Finland,,1,0,0,,,1
2020-02-03,Spain,,1,0,0,,,1
2020-02-03,Sweden,,1,0,0,,,1
2020-02-04,Germany,,12,0,0,,,12
2020-02-04,France,,6,0,0,,,6
2020-02-04,Italy,,2,0,0,,,2
2020-02-04,Belgium,,1,0,0,,,1
2020-02-04,Finland,,1,0,0,,,1
2020-02-04,Spain,,1,0,0,,,1
2020-02-04,Sweden,,1,0,0,,,1
2020-02-05,Germany,,12,0,0,,,12
2020-02-05,France,,6,0,0,,,6
2020-02-05,Italy,,2,0,0,,,2
2020-02-05,Belgium,,1,0,0,,,1
2020-02-05,Finland,,1,0,0,,,1
2020-02-05,Spain,,1,0,0,,,1
2020-02-05,Sweden,,1,0,0,,,1
2020-02-06,Germany,,12,0,0,,,12
2020-02-06,France,,6,0,0,,,6
2020-02-06,Italy,,2,0,0,,,2
2020-02-06,Belgium,,1,0,0,,,1
2020-02-06,Finland,,1,0,0,,,1
2020-02-06,Spain,,1,0,0,,,1
2020-02-06,Sweden,,1,0,0,,,1
2020-02-07,Germany,,13,0,0,,,13
2020-02-07,France,,6,0,0,,,6
2020-02-07,Italy,,3,0,0,,,3
2020-02-07,Belgium,,1,0,0,,,1
2020-02-07,Finland,,1,0,0,,,1
2020-02-07,Spain,,1,0,0,,,1
2020-02-07,Sweden,,1,0,0,,,1
2020-02-08,Germany,,13,0,0,,,13
2020-02-08,France,,11,0,0,,,11
2020-02-08,Italy,,3,0,0,,,3
2020-02-08,Belgium,,1,0,0,,,1
2020-02-08,Finland,,1,0,0,,,1
2020-02-08,Spain,,1,0,0,,,1
2020-02-08,Sweden,,1,0,0,,,1
2020-02-09,Germany,,14,0,0,,,14
2020-02-09,France,,11,0,0,,,11
2020-02-09,Italy,,3,0,0,,,3
2020-02-09,Spain,,2,0,0,,,2
2020-02-09,Belgium,,1,0,0,,,1
2020-02-09,Finland,,1,0,0,,,1
2020-02-09,Sweden,,1,0,0,,,1
2020-02-10,Germany,,14,0,0,,,14
2020-02-10,France,,11,0,0,,,11
2020-02-10,Italy,,3,0,0,,,3
2020-02-10,Spain,,2,0,0,,,2
2020-02-10,Belgium,,1,0,0,,,1
2020-02-10,Finland,,1,0,0,,,1
2020-02-10,Sweden,,1,0,0,,,1
2020-02-11,Germany,,16,0,0,,,16
2020-02-11,France,,11,0,0,,,11
2020-02-11,Italy,,3,0,0,,,3
2020-02-11,Spain,,2,0,0,,,2
2020-02-11,Belgium,,1,0,0,,,1
2020-02-11,Finland,,1,0,0,,,1
2020-02-11,Sweden,,1,0,0,,,1
2020-02-12,Germany,,16,0,0,,,16
2020-02-12,France,,11,0,2,,,9
2020-02-12,Italy,,3,0,0,,,3
2020-02-12,Spain,,2,0,0,,,2
2020-02-12,Belgium,,1,0,0,,,1
2020-02-12,Finland,,1,0,1,,,0
2020-02-12,Sweden,,1,0,0,,,1
2020-02-13,Germany,,16,0,1,,,15
2020-02-13,France,,11,0,2,,,9
2020-02-13,Italy,,3,0,0,,,3
2020-02-13,Spain,,2,0,0,,,2
2020-02-13,Belgium,,1,0,0,,,1
2020-02-13,Finland,,1,0,1,,,0
2020-02-13,Sweden,,1,0,0,,,1
2020-02-14,Germany,,16,0,1,,,15
2020-02-14,France,,11,0,2,,,9
2020-02-14,Italy,,3,0,0,,,3
2020-02-14,Spain,,2,0,0,,,2
2020-02-14,Belgium,,1,0,0,,,1
2020-02-14,Finland,,1,0,1,,,0
2020-02-14,Sweden,,1,0,0,,,1
2020-02-15,Germany,,16,0,1,,,15
2020-02-15,France,,12,1,4,,,7
2020-02-15,Italy,,3,0,0,,,3
2020-02-15,Spain,,2,0,2,,,0
2020-02-15,Belgium,,1,0,0,,,1
2020-02-15,Finland,,1,0,1,,,0
2020-02-15,Sweden,,1,0,0,,,1
2020-02-16,Germany,,16,0,1,,,15
2020-02-16,France,,12,1,4,,,7
2020-02-16,Italy,,3,0,0,,,3
2020-02-16,Spain,,2,0,2,,,0
2020-02-16,Belgium,,1,0,0,,,1
2020-02-16,Finland,,1,0,1,,,0
2020-02-16,Sweden,,1,0,0,,,1
2020-02-17,Germany,,16,0,1,,,15
2020-02-17,France,,12,1,4,,,7
2020-02-17,Italy,,3,0,0,,,3
2020-02-17,Spain,,2,0,2,,,0
2020-02-17,Belgium,,1,0,1,,,0
2020-02-17,Finland,,1,0,1,,,0
2020-02-17,Sweden,,1,0,0,,,1
2020-02-18,Germany,,16,0,12,,,4
2020-02-18,France,,12,1,4,,,7
2020-02-18,Italy,,3,0,0,,,3
2020-02-18,Spain,,2,0,2,,,0
2020-02-18,Belgium,,1,0,1,,,0
2020-02-18,Finland,,1,0,1,,,0
2020-02-18,Sweden,,1,0,0,,,1
2020-02-19,Germany,,16,0,12,,,4
2020-02-19,France,,12,1,4,,,7
2020-02-19,Italy,,3,0,0,,,3
2020-02-19,Spain,,2,0,2,,,0
2020-02-19,Belgium,,1,0,1,,,0
2020-02-19,Finland,,1,0,1,,,0
2020-02-19,Sweden,,1,0,0,,,1
2020-02-20,Germany,,16,0,12,,,4
2020-02-20,France,,12,1,4,,,7
2020-02-20,Italy,,3,0,0,,,3
2020-02-20,Spain,,2,0,2,,,0
2020-02-20,Belgium,,1,0,1,,,0
2020-02-20,Finland,,1,0,1,,,0
2020-02-20,Sweden,,1,0,0,,,1
2020-02-21,Italy,,20,1,0,,,19
2020-02-21,Germany,,16,0,14,,,2
2020-02-21,France,,12,1,4,,,7
2020-02-21,Spain,,2,0,2,,,0
2020-02-21,Belgium,,1,0,1,,,0
2020-02-21,Finland,,1,0,1,,,0
2020-02-21,Sweden,,1,0,0,,,1
2020-02-22,Italy,,62,2,1,,,59
2020-02-22,Germany,,16,0,14,,,2
2020-02-22,France,,12,1,4,,,7
2020-02-22,Spain,,2,0,2,,,0
2020-02-22,Belgium,,1,0,1,,,0
2020-02-22,Finland,,1,0,1,,,0
2020-02-22,Sweden,,1,0,0,,,1
2020-02-23,Italy,,155,3,2,,,150
2020-02-23,Germany,,16,0,14,,,2
2020-02-23,France,,12,1,4,,,7
2020-02-23,Spain,,2,0,2,,,0
2020-02-23,Belgium,,1,0,1,,,0
2020-02-23,Finland,,1,0,1,,,0
2020-02-23,Sweden,,1,0,0,,,1
2020-02-24,Italy,,229,7,1,,,221
2020-02-24,Germany,,16,0,14,,,2
2020-02-24,France,,12,1,4,,,7
2020-02-24,Spain,,2,0,2,,,0
2020-02-24,Belgium,,1,0,1,,,0
2020-02-24,Finland,,1,0,1,,,0
2020-02-24,Sweden,,1,0,0,,,1
2020-02-25,Italy,,322,10,1,,,311
2020-02-25,Germany,,17,0,14,,,3
2020-02-25,France,,14,1,11,,,2
2020-02-25,Spain,,6,0,2,,,4
2020-02-25,Austria,None,2,0,0,,,2
2020-02-25,Belgium,,1,0,1,,,0
2020-02-25,Croatia,,1,0,0,,,1
2020-02-25,Finland,,1,0,1,,,0
2020-02-25,Sweden,,1,0,0,,,1
2020-02-25,Switzerland,,1,0,0,,,1
2020-02-26,Italy,,453,12,3,,,438
2020-02-26,Germany,,27,0,15,,,12
2020-02-26,France,,18,2,11,,,5
2020-02-26,Spain,,13,0,2,,,11
2020-02-26,Croatia,,3,0,0,,,3
2020-02-26,Austria,,2,0,0,,,2
2020-02-26,Finland,,2,0,1,,,1
2020-02-26,Sweden,,2,0,0,,,2
2020-02-26,Belgium,,1,0,1,,,0
2020-02-26,Greece,,1,0,0,,,1
2020-02-26,North Macedonia,,1,0,0,,,1
2020-02-26,Norway,,1,0,0,,,1
2020-02-26,Romania,,1,0,0,,,1
2020-02-26,Switzerland,,1,0,0,,,1
2020-02-27,Italy,,655,17,45,,,593
2020-02-27,Germany,,46,0,16,,,30
2020-02-27,France,,38,2,11,,,25
2020-02-27,Spain,,15,0,2,,,13
2020-02-27,Switzerland,,8,0,0,,,8
2020-02-27,Sweden,,7,0,0,,,7
2020-02-27,Austria,,3,0,0,,,3
2020-02-27,Croatia,,3,0,0,,,3
2020-02-27,Greece,,3,0,0,,,3
2020-02-27,Finland,,2,0,1,,,1
2020-02-27,Belgium,,1,0,1,,,0
2020-02-27,Denmark,,1,0,0,,,1
2020-02-27,Estonia,,1,0,0,,,1
2020-02-27,Netherlands,,1,0,0,,,1
2020-02-27,North Macedonia,,1,0,0,,,1
2020-02-27,Norway,,1,0,0,,,1
2020-02-27,Romania,,1,0,0,,,1
2020-02-27,San Marino,,1,0,0,,,1
2020-02-28,Italy,,888,21,46,,,821
2020-02-28,France,,57,2,11,,,44
2020-02-28,Germany,,48,0,16,,,32
2020-02-28,Spain,,32,0,2,,,30
2020-02-28,Switzerland,,8,0,0,,,8
2020-02-28,Sweden,,7,0,0,,,7
2020-02-28,Norway,,6,0,0,,,6
2020-02-28,Croatia,,5,0,0,,,5
2020-02-28,Greece,,4,0,0,,,4
2020-02-28,Austria,,3,0,0,,,3
2020-02-28,Romania,,3,0,0,,,3
2020-02-28,Finland,,2,0,1,,,1
2020-02-28,Belarus,,1,0,0,,,1
2020-02-28,Belgium,,1,0,1,,,0
2020-02-28,Denmark,,1,0,0,,,1
2020-02-28,Estonia,,1,0,0,,,1
2020-02-28,Iceland,,1,0,0,,,1
2020-02-28,Lithuania,,1,0,0,,,1
2020-02-28,Netherlands,,1,0,0,,,1
2020-02-28,North Macedonia,,1,0,0,,,1
2020-02-28,San Marino,,1,0,0,,,1
2020-02-29,Italy,,1128,29,46,,,1053
2020-02-29,France,,100,2,12,,,86
2020-02-29,Germany,,79,0,16,,,63
2020-02-29,Spain,,45,0,2,,,43
2020-02-29,Switzerland,,18,0,0,,,18
2020-02-29,Norway,,15,0,0,,,15
2020-02-29,Sweden,,12,0,0,,,12
2020-02-29,Austria,,9,0,0,,,9
2020-02-29,Croatia,,6,0,0,,,6
2020-02-29,Netherlands,,6,0,0,,,6
2020-02-29,Greece,,4,0,0,,,4
2020-02-29,Denmark,,3,0,0,,,3
2020-02-29,Finland,,3,0,1,,,2
2020-02-29,Romania,,3,0,0,,,3
2020-02-29,Belarus,,1,0,0,,,1
2020-02-29,Belgium,,1,0,1,,,0
2020-02-29,Estonia,,1,0,0,,,1
2020-02-29,Iceland,,1,0,0,,,1
2020-02-29,Ireland,,1,0,0,,,1
2020-02-29,Lithuania,,1,0,0,,,1
2020-02-29,Luxembourg,,1,0,0,,,1
2020-02-29,Monaco,,1,0,0,,,1
2020-02-29,North Macedonia,,1,0,0,,,1
2020-02-29,San Marino,,1,0,0,,,1
2020-03-01,Italy,,1694,34,83,43.0,12.0,1577
2020-03-01,France,,130,2,12,47.0,2.0,116
2020-03-01,Germany,,130,0,16,51.0,9.0,114
2020-03-01,Spain,,84,0,2,40.0,-4.0,82
2020-03-01,Switzerland,,27,0,0,46.8182,8.2275,27
2020-03-01,Norway,,19,0,0,60.472,8.4689,19
2020-03-01,Austria,,14,0,0,47.5162,14.5501,14
2020-03-01,Sweden,,14,0,0,63.0,16.0,14
2020-03-01,Netherlands,,10,0,0,52.1326,5.2913,10
2020-03-01,Croatia,,7,0,0,45.1,15.2,7
2020-03-01,Greece,,7,0,0,39.0742,21.8243,7
2020-03-01,Finland,,6,0,1,64.0,26.0,5
2020-03-01,Denmark,,4,0,0,56.2639,9.5018,4
2020-03-01,Czech Republic,,3,0,0,49.8175,15.473,3
2020-03-01,Iceland,,3,0,0,64.9631,-19.0208,3
2020-03-01,Romania,,3,0,0,45.9432,24.9668,3
2020-03-01,Belgium,,2,0,1,50.8333,4.0,1
2020-03-01,Belarus,,1,0,0,53.7098,27.9534,1
2020-03-01,Estonia,,1,0,0,58.5953,25.0136,1
2020-03-01,Ireland,,1,0,0,53.1424,-7.6921,1
2020-03-01,Lithuania,,1,0,0,55.1694,23.8813,1
2020-03-01,Luxembourg,,1,0,0,49.8153,6.1296,1
2020-03-01,Monaco,,1,0,0,43.7333,7.4167,1
2020-03-01,North Macedonia,,1,0,0,41.6086,21.7453,1
2020-03-01,San Marino,,1,0,0,43.9424,12.4578,1
2020-03-02,Italy,,2036,52,149,43.0,12.0,1835
2020-03-02,France,,191,3,12,47.0,2.0,176
2020-03-02,Germany,,159,0,16,51.0,9.0,143
2020-03-02,Spain,,120,0,2,40.0,-4.0,118
2020-03-02,Switzerland,,42,0,0,46.8182,8.2275,42
2020-03-02,Norway,,25,0,0,60.472,8.4689,25
2020-03-02,Austria,,18,0,0,47.5162,14.5501,18
2020-03-02,Netherlands,,18,0,0,52.1326,5.2913,18
2020-03-02,Sweden,,15,0,0,63.0,16.0,15
2020-03-02,Belgium,,8,0,1,50.8333,4.0,7
2020-03-02,San Marino,,8,0,0,43.9424,12.4578,8
2020-03-02,Croatia,,7,0,0,45.1,15.2,7
2020-03-02,Greece,,7,0,0,39.0742,21.8243,7
2020-03-02,Finland,,6,0,1,64.0,26.0,5
2020-03-02,Iceland,,6,0,0,64.9631,-19.0208,6
2020-03-02,Denmark,,4,0,0,56.2639,9.5018,4
2020-03-02,Czech Republic,,3,0,0,49.8175,15.473,3
2020-03-02,Romania,,3,0,0,45.9432,24.9668,3
2020-03-02,Portugal,,2,0,0,39.3999,-8.2245,2
2020-03-02,Andorra,,1,0,0,42.5063,1.5218,1
2020-03-02,Belarus,,1,0,0,53.7098,27.9534,1
2020-03-02,Estonia,,1,0,0,58.5953,25.0136,1
2020-03-02,Ireland,,1,0,0,53.1424,-7.6921,1
2020-03-02,Latvia,,1,0,0,56.8796,24.6032,1
2020-03-02,Lithuania,,1,0,0,55.1694,23.8813,1
2020-03-02,Luxembourg,,1,0,0,49.8153,6.1296,1
2020-03-02,Monaco,,1,0,0,43.7333,7.4167,1
2020-03-02,North Macedonia,,1,0,0,41.6086,21.7453,1
2020-03-03,Italy,,2502,79,160,43.0,12.0,2263
2020-03-03,France,,204,4,12,47.0,2.0,188
2020-03-03,Germany,,196,0,16,51.0,9.0,180
2020-03-03,Spain,,165,1,2,40.0,-4.0,162
2020-03-03,Switzerland,,56,0,2,46.8182,8.2275,54
2020-03-03,Norway,,32,0,0,60.472,8.4689,32
2020-03-03,Netherlands,,24,0,0,52.1326,5.2913,24
2020-03-03,Austria,,21,0,0,47.5162,14.5501,21
2020-03-03,Sweden,,21,0,0,63.0,16.0,21
2020-03-03,Belgium,,13,0,1,50.8333,4.0,12
2020-03-03,Iceland,,11,0,0,64.9631,-19.0208,11
2020-03-03,San Marino,,10,1,0,43.9424,12.4578,9
2020-03-03,Croatia,,9,0,0,45.1667,15.5,9
2020-03-03,Greece,,7,0,0,39.0742,21.8243,7
2020-03-03,Denmark,,6,0,0,56.2639,9.5018,6
2020-03-03,Finland,,6,0,1,64.0,26.0,5
2020-03-03,Czech Republic,,5,0,0,49.8175,15.473,5
2020-03-03,Romania,,3,0,0,46.0,25.0,3
2020-03-03,Estonia,,2,0,0,58.5953,25.0136,2
2020-03-03,Ireland,,2,0,0,53.1424,-7.6921,2
2020-03-03,Portugal,,2,0,0,39.3999,-8.2245,2
2020-03-03,Andorra,,1,0,0,42.5063,1.5218,1
2020-03-03,Belarus,,1,0,0,53.7098,27.9534,1
2020-03-03,Latvia,,1,0,0,56.8796,24.6032,1
2020-03-03,Lithuania,,1,0,0,55.1694,23.8813,1
2020-03-03,Luxembourg,,1,0,0,49.8144,6.1317,1
2020-03-03,Monaco,,1,0,0,43.7333,7.4167,1
2020-03-03,North Macedonia,,1,0,0,41.6086,21.7453,1
2020-03-03,Ukraine,,1,0,0,48.3794,31.1656,1
2020-03-04,Italy,,3089,107,276,43.0,12.0,2706
2020-03-04,France,,285,4,12,47.0,2.0,269
2020-03-04,Germany,,262,0,16,51.0,9.0,246
2020-03-04,Spain,,222,2,2,40.0,-4.0,218
2020-03-04,Switzerland,,90,0,3,46.8182,8.2275,87
2020-03-04,Norway,,56,0,0,60.472,8.4689,56
2020-03-04,Netherlands,,38,0,0,52.1326,5.2913,38
2020-03-04,Sweden,,35,0,0,63.0,16.0,35
2020-03-04,Austria,,29,0,0,47.5162,14.5501,29
2020-03-04,Iceland,,26,0,0,64.9631,-19.0208,26
2020-03-04,Belgium,,23,0,1,50.8333,4.0,22
2020-03-04,San Marino,,16,1,0,43.9424,12.4578,15
2020-03-04,Croatia,,10,0,0,45.1667,15.5,10
2020-03-04,Denmark,,10,0,0,56.2639,9.5018,10
2020-03-04,Greece,,9,0,0,39.0742,21.8243,9
2020-03-04,Czech Republic,,8,0,0,49.8175,15.473,8
2020-03-04,Belarus,,6,0,0,53.7098,27.9534,6
2020-03-04,Finland,,6,0,1,64.0,26.0,5
2020-03-04,Ireland,,6,0,0,53.1424,-7.6921,6
2020-03-04,Portugal,,5,0,0,39.3999,-8.2245,5
2020-03-04,Romania,,4,0,1,46.0,25.0,3
2020-03-04,Estonia,,2,0,0,58.5953,25.0136,2
2020-03-04,Hungary,,2,0,0,47.1625,19.5033,2
2020-03-04,Andorra,,1,0,0,42.5063,1.5218,1
2020-03-04,Latvia,,1,0,0,56.8796,24.6032,1
2020-03-04,Liechtenstein,,1,0,0,47.14,9.55,1
2020-03-04,Lithuania,,1,0,0,55.1694,23.8813,1
2020-03-04,Luxembourg,,1,0,0,49.8144,6.1317,1
2020-03-04,Monaco,,1,0,0,43.7333,7.4167,1
2020-03-04,North Macedonia,,1,0,0,41.6086,21.7453,1
2020-03-04,Poland,,1,0,0,51.9194,19.1451,1
2020-03-04,Ukraine,,1,0,0,48.3794,31.1656,1
2020-03-05,Italy,,3858,148,414,43.0,12.0,3296
2020-03-05,Germany,,482,0,16,51.0,9.0,466
2020-03-05,France,,377,6,12,47.0,2.0,359
2020-03-05,Spain,,259,3,2,40.0,-4.0,254
2020-03-05,Switzerland,,114,1,3,46.8182,8.2275,110
2020-03-05,Sweden,,94,0,0,63.0,16.0,94
2020-03-05,Norway,,87,0,0,60.472,8.4689,87
2020-03-05,Netherlands,,82,0,0,52.1326,5.2913,82
2020-03-05,Belgium,,50,0,1,50.8333,4.0,49
2020-03-05,Austria,,41,0,0,47.5162,14.5501,41
2020-03-05,Iceland,,34,0,0,64.9631,-19.0208,34
2020-03-05,Greece,,31,0,0,39.0742,21.8243,31
2020-03-05,San Marino,,21,1,0,43.9424,12.4578,20
2020-03-05,Czech Republic,,12,0,0,49.8175,15.473,12
2020-03-05,Finland,,12,0,1,64.0,26.0,11
2020-03-05,Croatia,,10,0,0,45.1667,15.5,10
2020-03-05,Denmark,,10,0,0,56.2639,9.5018,10
2020-03-05,Portugal,,8,0,0,39.3999,-8.2245,8
2020-03-05,Belarus,,6,0,0,53.7098,27.9534,6
2020-03-05,Ireland,,6,0,0,53.1424,-7.6921,6
2020-03-05,Romania,,6,0,1,46.0,25.0,5
2020-03-05,Estonia,,3,0,0,58.5953,25.0136,3
2020-03-05,Bosnia and Herzegovina,,2,0,0,43.9159,17.6791,2
2020-03-05,Hungary,,2,0,0,47.1625,19.5033,2
2020-03-05,Slovenia,,2,0,0,46.1512,14.9955,2
2020-03-05,Andorra,,1,0,0,42.5063,1.5218,1
2020-03-05,Latvia,,1,0,0,56.8796,24.6032,1
2020-03-05,Liechtenstein,,1,0,0,47.14,9.55,1
2020-03-05,Lithuania,,1,0,0,55.1694,23.8813,1
2020-03-05,Luxembourg,,1,0,0,49.8144,6.1317,1
2020-03-05,Monaco,,1,0,0,43.7333,7.4167,1
2020-03-05,North Macedonia,,1,0,0,41.6086,21.7453,1
2020-03-05,Poland,,1,0,0,51.9194,19.1451,1
2020-03-05,Ukraine,,1,0,0,48.3794,31.1656,1
2020-03-06,Italy,,4636,197,523,43.0,12.0,3916
2020-03-06,Germany,,670,0,17,51.0,9.0,653
2020-03-06,France,,653,9,12,47.0,2.0,632
2020-03-06,Spain,,400,5,2,40.0,-4.0,393
2020-03-06,Switzerland,,214,1,3,46.8182,8.2275,210
2020-03-06,Netherlands,,128,1,0,52.1326,5.2913,127
2020-03-06,Belgium,,109,0,1,50.8333,4.0,108
2020-03-06,Norway,,108,0,0,60.472,8.4689,108
2020-03-06,Sweden,,101,0,0,63.0,16.0,101
2020-03-06,Austria,,55,0,0,47.5162,14.5501,55
2020-03-06,Greece,,45,0,0,39.0742,21.8243,45
2020-03-06,Iceland,,43,0,0,64.9631,-19.0208,43
2020-03-06,Denmark,,23,0,1,56.2639,9.5018,22
2020-03-06,San Marino,,21,1,0,43.9424,12.4578,20
2020-03-06,Czech Republic,,18,0,0,49.8175,15.473,18
2020-03-06,Ireland,,18,0,0,53.1424,-7.6921,18
2020-03-06,Finland,,15,0,1,64.0,26.0,14
2020-03-06,Portugal,,13,0,0,39.3999,-8.2245,13
2020-03-06,Croatia,,11,0,0,45.1667,15.5,11
2020-03-06,Estonia,,10,0,0,58.5953,25.0136,10
2020-03-06,Romania,,9,0,1,46.0,25.0,8
2020-03-06,Slovenia,,7,0,0,46.1512,14.9955,7
2020-03-06,Belarus,,6,0,0,53.7098,27.9534,6
2020-03-06,Poland,,5,0,0,51.9194,19.1451,5
2020-03-06,North Macedonia,,3,0,0,41.6086,21.7453,3
2020-03-06,Bosnia and Herzegovina,,2,0,0,43.9159,17.6791,2
2020-03-06,Hungary,,2,0,0,47.1625,19.5033,2
2020-03-06,Luxembourg,,2,0,0,49.8144,6.1317,2
2020-03-06,Andorra,,1,0,0,42.5063,1.5218,1
2020-03-06,Latvia,,1,0,0,56.8796,24.6032,1
2020-03-06,Liechtenstein,,1,0,0,47.14,9.55,1
2020-03-06,Lithuania,,1,0,0,55.1694,23.8813,1
2020-03-06,Monaco,,1,0,0,43.7333,7.4167,1
2020-03-06,Serbia,,1,0,0,44.0165,21.0059,1
2020-03-06,Slovakia,,1,0,0,48.669,19.699,1
2020-03-06,Ukraine,,1,0,0,48.3794,31.1656,1
2020-03-06,Vatican City,,1,0,0,41.9029,12.4534,1
2020-03-07,Italy,,5883,233,589,43.0,12.0,5061
2020-03-07,France,,949,11,12,47.0,2.0,926
2020-03-07,Germany,,799,0,18,51.0,9.0,781
2020-03-07,Spain,,500,10,30,40.0,-4.0,460
2020-03-07,Switzerland,,268,1,3,46.8182,8.2275,264
2020-03-07,Netherlands,,188,1,0,52.1326,5.2913,187
2020-03-07,Belgium,,169,0,1,50.8333,4.0,168
2020-03-07,Sweden,,161,0,0,63.0,16.0,161
2020-03-07,Norway,,147,0,0,60.472,8.4689,147
2020-03-07,Austria,,79,0,0,47.5162,14.5501,79
2020-03-07,Iceland,,50,0,0,64.9631,-19.0208,50
2020-03-07,Greece,,46,0,0,39.0742,21.8243,46
2020-03-07,Denmark,,23,0,1,56.2639,9.5018,22
2020-03-07,San Marino,,23,1,0,43.9424,12.4578,22
2020-03-07,Portugal,,20,0,0,39.3999,-8.2245,20
2020-03-07,Czech Republic,,19,0,0,49.8175,15.473,19
2020-03-07,Ireland,,18,0,0,53.1424,-7.6921,18
2020-03-07,Finland,,15,0,1,64.0,26.0,14
2020-03-07,Croatia,,12,0,0,45.1667,15.5,12
2020-03-07,Estonia,,10,0,0,58.5953,25.0136,10
2020-03-07,Romania,,9,0,3,46.0,25.0,6
2020-03-07,Slovenia,,7,0,0,46.1512,14.9955,7
2020-03-07,Belarus,,6,0,0,53.7098,27.9534,6
2020-03-07,Poland,,5,0,0,51.9194,19.1451,5
2020-03-07,Hungary,,4,0,0,47.1625,19.5033,4
2020-03-07,Bosnia and Herzegovina,,3,0,0,43.9159,17.6791,3
2020-03-07,Malta,,3,0,0,35.9375,14.3754,3
2020-03-07,North Macedonia,,3,0,0,41.6086,21.7453,3
2020-03-07,Luxembourg,,2,0,0,49.8144,6.1317,2
2020-03-07,Andorra,,1,0,0,42.5063,1.5218,1
2020-03-07,Latvia,,1,0,0,56.8796,24.6032,1
2020-03-07,Liechtenstein,,1,0,0,47.14,9.55,1
2020-03-07,Lithuania,,1,0,0,55.1694,23.8813,1
2020-03-07,Monaco,,1,0,0,43.7333,7.4167,1
2020-03-07,Serbia,,1,0,0,44.0165,21.0059,1
2020-03-07,Slovakia,,1,0,0,48.669,19.699,1
2020-03-07,Ukraine,,1,0,0,48.3794,31.1656,1
2020-03-07,Vatican City,,1,0,0,41.9029,12.4534,1
2020-03-08,Italy,,7375,366,622,43.0,12.0,6387
2020-03-08,France,,1126,19,12,47.0,2.0,1095
2020-03-08,Germany,,1040,0,18,51.0,9.0,1022
2020-03-08,Spain,,673,17,30,40.0,-4.0,626
2020-03-08,Switzerland,,337,2,3,46.8182,8.2275,332
2020-03-08,Netherlands,,265,3,0,52.1326,5.2913,262
2020-03-08,Sweden,,203,0,0,63.0,16.0,203
2020-03-08,Belgium,,200,0,1,50.8333,4.0,199
2020-03-08,Norway,,176,0,0,60.472,8.4689,176
2020-03-08,Austria,,104,0,0,47.5162,14.5501,104
2020-03-08,Greece,,73,0,0,39.0742,21.8243,73
2020-03-08,Iceland,,50,0,0,64.9631,-19.0208,50
2020-03-08,San Marino,,36,1,0,43.9424,12.4578,35
2020-03-08,Denmark,,35,0,1,56.2639,9.5018,34
2020-03-08,Czech Republic,,31,0,0,49.8175,15.473,31
2020-03-08,Portugal,,30,0,0,39.3999,-8.2245,30
2020-03-08,Finland,,23,0,1,64.0,26.0,22
2020-03-08,Ireland,,19,0,0,53.4167,-8.0,19
2020-03-08,Slovenia,,16,0,0,46.1512,14.9955,16
2020-03-08,Romania,,15,0,3,46.0,25.0,12
2020-03-08,Croatia,,12,0,0,45.1667,15.5,12
2020-03-08,Poland,,11,0,0,51.9194,19.1451,11
2020-03-08,Estonia,,10,0,0,58.5953,25.0136,10
2020-03-08,Hungary,,7,0,0,47.1625,19.5033,7
2020-03-08,Belarus,,6,0,0,53.7098,27.9534,6
2020-03-08,Bulgaria,,4,0,0,42.7339,25.4858,4
2020-03-08,Bosnia and Herzegovina,,3,0,0,43.9159,17.6791,3
2020-03-08,Luxembourg,,3,0,0,49.8144,6.1317,3
2020-03-08,Malta,,3,0,0,35.9375,14.3754,3
2020-03-08,North Macedonia,,3,0,0,41.6086,21.7453,3
2020-03-08,Slovakia,,3,0,0,48.669,19.699,3
2020-03-08,Latvia,,2,0,0,56.8796,24.6032,2
2020-03-08,Andorra,,1,0,0,42.5063,1.5218,1
2020-03-08,Liechtenstein,,1,0,0,47.14,9.55,1
2020-03-08,Lithuania,,1,0,0,55.1694,23.8813,1
2020-03-08,Moldova,,1,0,0,47.4116,28.3699,1
2020-03-08,Monaco,,1,0,0,43.7333,7.4167,1
2020-03-08,Serbia,,1,0,0,44.0165,21.0059,1
2020-03-08,Ukraine,,1,0,0,48.3794,31.1656,1
2020-03-08,Vatican City,,1,0,0,41.9029,12.4534,1
2020-03-09,Italy,,9172,463,724,43.0,12.0,7985
2020-03-09,France,,1209,19,12,47.0,2.0,1178
2020-03-09,Germany,,1176,2,18,51.0,9.0,1156
2020-03-09,Spain,,1073,28,32,40.0,-4.0,1013
2020-03-09,Switzerland,,374,2,3,46.8182,8.2275,369
2020-03-09,Netherlands,,321,3,0,52.1326,5.2913,318
2020-03-09,Sweden,,248,0,1,63.0,16.0,247
2020-03-09,Belgium,,239,0,1,50.8333,4.0,238
2020-03-09,Norway,,205,0,1,60.472,8.4689,204
2020-03-09,Austria,,131,0,2,47.5162,14.5501,129
2020-03-09,Denmark,,90,0,1,56.2639,9.5018,89
2020-03-09,Greece,,73,0,0,39.0742,21.8243,73
2020-03-09,Iceland,,58,0,0,64.9631,-19.0208,58
2020-03-09,San Marino,,36,1,0,43.9424,12.4578,35
2020-03-09,Czech Republic,,31,0,0,49.8175,15.473,31
2020-03-09,Finland,,30,0,1,64.0,26.0,29
2020-03-09,Portugal,,30,0,0,39.3999,-8.2245,30
2020-03-09,Ireland,,21,0,0,53.1424,-7.6921,21
2020-03-09,Poland,,16,0,0,51.9194,19.1451,16
2020-03-09,Slovenia,,16,0,0,46.1512,14.9955,16
2020-03-09,Romania,,15,0,3,46.0,25.0,12
2020-03-09,Croatia,,12,0,0,45.1667,15.5,12
2020-03-09,Estonia,,10,0,0,58.5953,25.0136,10
2020-03-09,Hungary,,9,0,0,47.1625,19.5033,9
2020-03-09,Belarus,,6,0,1,53.7098,27.9534,5
2020-03-09,Latvia,,6,0,0,56.8796,24.6032,6
2020-03-09,Bulgaria,,4,0,0,42.7339,25.4858,4
2020-03-09,Bosnia and Herzegovina,,3,0,0,43.9159,17.6791,3
2020-03-09,Luxembourg,,3,0,0,49.8144,6.1317,3
2020-03-09,Malta,,3,0,0,35.9375,14.3754,3
2020-03-09,North Macedonia,,3,0,0,41.6086,21.7453,3
2020-03-09,Slovakia,,3,0,0,48.669,19.699,3
2020-03-09,Albania,,2,0,0,41.1533,20.1683,2
2020-03-09,Cyprus,,2,0,0,35.1264,33.4299,2
2020-03-09,Andorra,,1,0,0,42.5063,1.5218,1
2020-03-09,Liechtenstein,,1,0,0,47.14,9.55,1
2020-03-09,Lithuania,,1,0,0,55.1694,23.8813,1
2020-03-09,Moldova,,1,0,0,47.4116,28.3699,1
2020-03-09,Monaco,,1,0,0,43.7333,7.4167,1
2020-03-09,Serbia,,1,0,0,44.0165,21.0059,1
2020-03-09,Ukraine,,1,0,0,48.3794,31.1656,1
2020-03-09,Vatican City,,1,0,0,41.9029,12.4534,1
2020-03-10,Italy,,10149,631,724,43.0,12.0,8794
2020-03-10,France,,1784,33,12,47.0,2.0,1739
2020-03-10,Spain,,1695,35,32,40.0,-4.0,1628
2020-03-10,Germany,,1457,2,18,51.0,9.0,1437
2020-03-10,Switzerland,,491,3,3,46.8182,8.2275,485
2020-03-10,Norway,,400,0,1,60.472,8.4689,399
2020-03-10,Netherlands,,382,4,0,52.1326,5.2913,378
2020-03-10,Sweden,,355,0,1,63.0,16.0,354
2020-03-10,Belgium,,267,0,1,50.8333,4.0,266
2020-03-10,Denmark,,262,0,1,56.2639,9.5018,261
2020-03-10,Austria,,182,0,4,47.5162,14.5501,178
2020-03-10,Greece,,89,0,0,39.0742,21.8243,89
2020-03-10,Iceland,,69,0,1,64.9631,-19.0208,68
2020-03-10,San Marino,,51,2,0,43.9424,12.4578,49
2020-03-10,Czech Republic,,41,0,0,49.8175,15.473,41
2020-03-10,Portugal,,41,0,0,39.3999,-8.2245,41
2020-03-10,Finland,,40,0,1,64.0,26.0,39
2020-03-10,Ireland,,34,0,0,53.1424,-7.6921,34
2020-03-10,Slovenia,,31,0,0,46.1512,14.9955,31
2020-03-10,Romania,,25,0,3,46.0,25.0,22
2020-03-10,Poland,,22,0,0,51.9194,19.1451,22
2020-03-10,Croatia,,14,0,0,45.1667,15.5,14
2020-03-10,Estonia,,12,0,0,58.5953,25.0136,12
2020-03-10,Albania,,10,0,0,41.1533,20.1683,10
2020-03-10,Belarus,,9,0,3,53.7098,27.9534,6
2020-03-10,Hungary,,9,0,0,47.1625,19.5033,9
2020-03-10,Latvia,,8,0,1,56.8796,24.6032,7
2020-03-10,North Macedonia,,7,0,0,41.6086,21.7453,7
2020-03-10,Slovakia,,7,0,0,48.669,19.699,7
2020-03-10,Bosnia and Herzegovina,,5,0,0,43.9159,17.6791,5
2020-03-10,Luxembourg,,5,0,0,49.8144,6.1317,5
2020-03-10,Malta,,5,0,0,35.9375,14.3754,5
2020-03-10,Serbia,,5,0,0,44.0165,21.0059,5
2020-03-10,Bulgaria,,4,0,0,42.7339,25.4858,4
2020-03-10,Cyprus,,3,0,0,35.1264,33.4299,3
2020-03-10,Moldova,,3,0,0,47.4116,28.3699,3
2020-03-10,Andorra,,1,0,0,42.5063,1.5218,1
2020-03-10,Vatican City,,1,0,0,41.9029,12.4534,1
2020-03-10,Liechtenstein,,1,0,0,47.14,9.55,1
2020-03-10,Lithuania,,1,0,0,55.1694,23.8813,1
2020-03-10,Monaco,,1,0,0,43.7333,7.4167,1
2020-03-10,Ukraine,,1,0,0,48.3794,31.1656,1
2020-03-11,Italy,,12462,827,1045,43.0,12.0,10590
2020-03-11,France,France,2281,48,12,46.2276,2.2137,2221
2020-03-11,Spain,,2277,54,183,40.0,-4.0,2040
2020-03-11,Germany,,1908,3,25,51.0,9.0,1880
2020-03-11,Switzerland,,652,4,4,46.8182,8.2275,644
2020-03-11,Norway,,598,0,1,60.472,8.4689,597
2020-03-11,Netherlands,,503,5,0,52.1326,5.2913,498
2020-03-11,Sweden,,500,1,1,63.0,16.0,498
2020-03-11,United Kingdom,UK,456,8,18,55.3781,-3.436,430
2020-03-11,Denmark,Denmark,442,0,1,56.2639,9.5018,441
2020-03-11,Belgium,,314,3,1,50.8333,4.0,310
2020-03-11,Austria,,246,0,4,47.5162,14.5501,242
2020-03-11,Greece,,99,1,0,39.0742,21.8243,98
2020-03-11,Czech Republic,,91,0,0,49.8175,15.473,91
2020-03-11,Iceland,,85,0,1,64.9631,-19.0208,84
2020-03-11,San Marino,,62,2,0,43.9424,12.4578,60
2020-03-11,Finland,,59,0,1,64.0,26.0,58
2020-03-11,Portugal,,59,0,0,39.3999,-8.2245,59
2020-03-11,Slovenia,,57,0,0,46.1512,14.9955,57
2020-03-11,Romania,,45,0,6,46.0,25.0,39
2020-03-11,Ireland,,43,1,0,53.1424,-7.6921,42
2020-03-11,Poland,,31,0,0,51.9194,19.1451,31
2020-03-11,Croatia,,19,0,0,45.1667,15.5,19
2020-03-11,Estonia,,16,0,0,58.5953,25.0136,16
2020-03-11,Hungary,,13,0,0,47.1625,19.5033,13
2020-03-11,Albania,,12,1,0,41.1533,20.1683,11
2020-03-11,Serbia,,12,0,0,44.0165,21.0059,12
2020-03-11,Latvia,,10,0,1,56.8796,24.6032,9
2020-03-11,Slovakia,,10,0,0,48.669,19.699,10
2020-03-11,Belarus,,9,0,3,53.7098,27.9534,6
2020-03-11,Bosnia and Herzegovina,,7,0,0,43.9159,17.6791,7
2020-03-11,Bulgaria,,7,1,0,42.7339,25.4858,6
2020-03-11,Luxembourg,,7,0,0,49.8144,6.1317,7
2020-03-11,North Macedonia,,7,0,0,41.6086,21.7453,7
2020-03-11,Cyprus,,6,0,0,35.1264,33.4299,6
2020-03-11,Malta,,6,0,0,35.9375,14.3754,6
2020-03-11,Lithuania,,3,0,0,55.1694,23.8813,3
2020-03-11,Moldova,,3,0,0,47.4116,28.3699,3
2020-03-11,Denmark,Faroe Islands,2,0,0,61.8926,-6.9118,2
2020-03-11,France,St Martin,2,0,0,18.0708,-63.0501,2
2020-03-11,United Kingdom,Channel Islands,2,0,0,49.3723,-2.3644,2
2020-03-11,Andorra,,1,0,0,42.5063,1.5218,1
2020-03-11,France,Saint Barthelemy,1,0,0,17.9,-62.8333,1
2020-03-11,Vatican City,,1,0,0,41.9029,12.4534,1
2020-03-11,Liechtenstein,,1,0,0,47.14,9.55,1
2020-03-11,Monaco,,1,0,0,43.7333,7.4167,1
2020-03-11,Turkey,,1,0,0,38.9637,35.2433,1
2020-03-11,Ukraine,,1,0,0,48.3794,31.1656,1
2020-03-11,United Kingdom,Gibraltar,1,0,1,36.1408,-5.3536,0
2020-03-12,Italy,,12462,827,1045,43.0,12.0,10590
2020-03-12,France,France,2281,48,12,46.2276,2.2137,2221
2020-03-12,Spain,,2277,55,183,40.0,-4.0,2039
2020-03-12,Germany,,2078,3,25,51.0,9.0,2050
2020-03-12,Norway,,702,0,1,60.472,8.4689,701
2020-03-12,Switzerland,,652,4,4,46.8182,8.2275,644
2020-03-12,Denmark,Denmark,615,0,1,56.2639,9.5018,614
2020-03-12,Sweden,,599,1,1,63.0,16.0,597
2020-03-12,Netherlands,,503,5,0,52.1326,5.2913,498
2020-03-12,United Kingdom,UK,456,8,18,55.3781,-3.436,430
2020-03-12,Belgium,,314,3,1,50.8333,4.0,310
2020-03-12,Austria,,302,1,4,47.5162,14.5501,297
2020-03-12,Iceland,,103,0,1,64.9631,-19.0208,102
2020-03-12,Greece,,99,1,0,39.0742,21.8243,98
2020-03-12,Czech Republic,,94,0,0,49.8175,15.473,94
2020-03-12,Slovenia,,89,0,0,46.1512,14.9955,89
2020-03-12,San Marino,,69,3,0,43.9424,12.4578,66
2020-03-12,Finland,,59,0,1,64.0,26.0,58
2020-03-12,Portugal,,59,0,0,39.3999,-8.2245,59
2020-03-12,Poland,,49,1,0,51.9194,19.1451,48
2020-03-12,Romania,,49,0,6,46.0,25.0,43
2020-03-12,Ireland,,43,1,0,53.1424,-7.6921,42
2020-03-12,Albania,,23,1,0,41.1533,20.1683,22
2020-03-12,Croatia,,19,0,0,45.1667,15.5,19
2020-03-12,Luxembourg,,19,0,0,49.8144,6.1317,19
2020-03-12,Serbia,,19,0,0,44.0165,21.0059,19
2020-03-12,Estonia,,16,0,0,58.5953,25.0136,16
2020-03-12,Slovakia,,16,0,0,48.669,19.699,16
2020-03-12,Hungary,,13,0,0,47.1625,19.5033,13
2020-03-12,Belarus,,12,0,3,53.7098,27.9534,9
2020-03-12,Bosnia and Herzegovina,,11,0,0,43.9159,17.6791,11
2020-03-12,Latvia,,10,0,1,56.8796,24.6032,9
2020-03-12,Bulgaria,,7,1,0,42.7339,25.4858,6
2020-03-12,North Macedonia,,7,0,0,41.6086,21.7453,7
2020-03-12,Cyprus,,6,0,0,35.1264,33.4299,6
2020-03-12,Malta,,6,0,0,35.9375,14.3754,6
2020-03-12,Lithuania,,3,0,0,55.1694,23.8813,3
2020-03-12,Moldova,,3,0,0,47.4116,28.3699,3
2020-03-12,Denmark,Faroe Islands,2,0,0,61.8926,-6.9118,2
2020-03-12,France,St Martin,2,0,0,18.0708,-63.0501,2
2020-03-12,Monaco,,2,0,0,43.7333,7.4167,2
2020-03-12,United Kingdom,Channel Islands,2,0,0,49.3723,-2.3644,2
2020-03-12,Andorra,,1,0,1,42.5063,1.5218,0
2020-03-12,France,Saint Barthelemy,1,0,0,17.9,-62.8333,1
2020-03-12,Vatican City,,1,0,0,41.9029,12.4534,1
2020-03-12,Liechtenstein,,1,0,0,47.14,9.55,1
2020-03-12,Turkey,,1,0,0,38.9637,35.2433,1
2020-03-12,Ukraine,,1,0,0,48.3794,31.1656,1
2020-03-12,United Kingdom,Gibraltar,1,0,1,36.1408,-5.3536,0
2020-03-13,Croatia,,32,0,1,45.1,15.2,31
2020-03-13,Albania,,33,1,0,41.1533,20.1683,32
2020-03-13,United Kingdom,Channel Islands,2,0,0,49.372284,-2.3643509999999996,2
2020-03-13,San Marino,,80,5,0,43.9424,12.4578,75
2020-03-13,Germany,,3675,7,46,51.1657,10.4515,3622
2020-03-13,Italy,,17660,1266,1439,41.8719,12.5674,14955
2020-03-13,Ukraine,,3,1,0,48.3794,31.1656,2
2020-03-13,Austria,,504,1,6,47.5162,14.5501,497
2020-03-13,Switzerland,,1139,11,4,46.8182,8.2275,1124
2020-03-13,Ireland,,90,1,0,53.1424,-7.6921,89
2020-03-13,North Macedonia,,14,0,1,41.6086,21.7453,13
2020-03-13,Greece,,190,1,0,39.0742,21.8243,189
2020-03-13,Sweden,,814,1,1,60.1282,18.6435,812
2020-03-13,Norway,,996,0,1,60.472,8.4689,995
2020-03-13,France,France,3661,79,12,46.2276,2.2137,3570
2020-03-13,Turkey,,5,0,0,38.9637,35.2433,5
2020-03-13,Iceland,,134,0,1,64.9631,-19.0208,133
2020-03-13,Estonia,,79,0,0,58.5953,25.0136,79
2020-03-13,Denmark,Denmark,801,0,1,56.2639,9.5018,800
2020-03-13,United Kingdom,United Kingdom,798,8,18,55.3781,-3.4360000000000004,772
2020-03-13,Netherlands,,804,10,0,52.1326,5.2913,794
2020-03-13,Lithuania,,6,0,0,55.1694,23.8813,6
2020-03-13,Belarus,,27,0,3,53.7098,27.9534,24
2020-03-13,France,French Polynesia,3,0,0,-17.6797,149.4068,3
2020-03-13,Czech Republic,,141,0,0,49.8175,15.472999999999999,141
2020-03-13,Latvia,,17,0,1,56.8796,24.6032,16
2020-03-13,Portugal,,112,0,1,39.3999,-8.2245,111
2020-03-13,Andorra,,1,0,0,42.5063,1.5218,1
2020-03-13,Belgium,,559,3,1,50.5039,4.4699,555
2020-03-13,France,Saint Barthelemy,1,0,0,17.9,-62.8333,1
2020-03-13,France,St Martin,2,0,0,18.0708,-63.0501,2
2020-03-13,Poland,,68,2,0,51.9194,19.1451,66
2020-03-13,Denmark,Faroe Islands,3,0,0,61.8926,-6.9118,3
2020-03-13,United Kingdom,Gibraltar,1,0,1,36.1408,-5.3536,0
2020-03-13,Hungary,,19,0,0,47.1625,19.5033,19
2020-03-13,Slovenia,,141,0,0,46.1512,14.9955,141
2020-03-13,Finland,,155,0,1,61.9241,25.7482,154
2020-03-13,Bosnia and Herzegovina,,13,0,0,43.9159,17.6791,13
2020-03-13,Luxembourg,,34,0,0,49.8153,6.1296,34
2020-03-13,Spain,,5232,133,193,40.4637,-3.7492,4906
2020-03-13,Vatican City,,1,0,0,41.9029,12.4534,1
2020-03-13,Serbia,,35,0,0,44.0165,21.0059,35
2020-03-13,Slovakia,,32,0,0,48.669,19.699,32
2020-03-13,Romania,,89,0,7,45.9432,24.9668,82
2020-03-13,Malta,,12,0,1,35.9375,14.3754,11
2020-03-13,Moldova,,6,0,0,47.4116,28.3699,6
2020-03-13,Bulgaria,,23,1,0,42.7339,25.4858,22
2020-03-13,Cyprus,,14,0,0,35.1264,33.4299,14
2020-03-13,Monaco,,2,0,0,43.7333,7.4167,2
2020-03-13,Liechtenstein,,1,0,0,47.14,9.55,1
2020-03-14,Italy,,21157,1441,1966,41.8719,12.5674,17750
2020-03-14,Spain,,6391,195,517,40.4637,-3.7492,5679
2020-03-14,Germany,,4585,9,46,51.1657,10.4515,4530
2020-03-14,France,France,4469,91,12,46.2276,2.2137,4366
2020-03-14,Switzerland,,1359,13,4,46.8182,8.2275,1342
2020-03-14,United Kingdom,United Kingdom,1140,21,18,55.3781,-3.436,1101
2020-03-14,Norway,,1090,3,1,60.472,8.4689,1086
2020-03-14,Sweden,,961,2,1,60.1282,18.6435,958
2020-03-14,Netherlands,,959,12,2,52.1326,5.2913,945
2020-03-14,Denmark,Denmark,827,1,1,56.2639,9.5018,825
2020-03-14,Belgium,,689,4,1,50.5039,4.4699,684
2020-03-14,Austria,,655,1,6,47.5162,14.5501,648
2020-03-14,Greece,,228,3,8,39.0742,21.8243,217
2020-03-14,Finland,,225,0,1,61.9241,25.7482,224
2020-03-14,Czech Republic,,189,0,0,49.8175,15.473,189
2020-03-14,Slovenia,,181,1,0,46.1512,14.9955,180
2020-03-14,Portugal,,169,0,2,39.3999,-8.2245,167
2020-03-14,Iceland,,156,0,1,64.9631,-19.0208,155
2020-03-14,Ireland,,129,2,0,53.1424,-7.6921,127
2020-03-14,Romania,,123,0,9,45.9432,24.9668,114
2020-03-14,Estonia,,115,0,0,58.5953,25.0136,115
2020-03-14,Poland,,103,3,0,51.9194,19.1451,100
2020-03-14,San Marino,,80,5,4,43.9424,12.4578,71
2020-03-14,Luxembourg,,51,1,0,49.8153,6.1296,50
2020-03-14,Serbia,,46,0,0,44.0165,21.0059,46
2020-03-14,Slovakia,,44,0,0,48.669,19.699,44
2020-03-14,Bulgaria,,41,2,0,42.7339,25.4858,39
2020-03-14,Albania,,38,1,0,41.1533,20.1683,37
2020-03-14,Croatia,,38,0,1,45.1,15.2,37
2020-03-14,Hungary,,30,0,1,47.1625,19.5033,29
2020-03-14,Belarus,,27,0,3,53.7098,27.9534,24
2020-03-14,Cyprus,,26,0,0,35.1264,33.4299,26
2020-03-14,Latvia,,26,0,1,56.8796,24.6032,25
2020-03-14,Bosnia and Herzegovina,,18,0,0,43.9159,17.6791,18
2020-03-14,Malta,,18,0,1,35.9375,14.3754,17
2020-03-14,North Macedonia,,14,0,1,41.6086,21.7453,13
2020-03-14,Moldova,,12,0,0,47.4116,28.3699,12
2020-03-14,Denmark,Faroe Islands,9,0,0,61.8926,-6.9118,9
2020-03-14,Lithuania,,8,0,0,55.1694,23.8813,8
2020-03-14,France,Fench Guiana,5,0,0,4.0,-53.0,5
2020-03-14,Turkey,,5,0,0,38.9637,35.2433,5
2020-03-14,Liechtenstein,,4,0,0,47.166,9.5554,4
2020-03-14,France,French Polynesia,3,0,0,-17.6797,149.4068,3
2020-03-14,Ukraine,,3,1,0,48.3794,31.1656,2
2020-03-14,France,St Martin,2,0,0,18.0708,-63.0501,2
2020-03-14,Monaco,,2,0,0,43.7384,7.4246,2
2020-03-14,United Kingdom,Channel Islands,2,0,0,49.3723,-2.3644,2
2020-03-14,Andorra,,1,0,1,42.5063,1.5218,0
2020-03-14,France,Saint Barthelemy,1,0,0,17.9,-62.8333,1
2020-03-14,Vatican City,,1,0,0,41.9029,12.4534,1
2020-03-14,United Kingdom,Gibraltar,1,0,1,36.1408,-5.3536,0
2020-03-15,Italy,,24747,1809,2335,41.8719,12.5674,20603
2020-03-15,Spain,,7798,289,517,40.4637,-3.7492,6992
2020-03-15,Germany,,5795,11,46,51.1657,10.4515,5738
2020-03-15,France,France,4499,91,12,46.2276,2.2137,4396
2020-03-15,Switzerland,,2200,14,4,46.8182,8.2275,2182
2020-03-15,Norway,,1221,3,1,60.472,8.4689,1217
2020-03-15,United Kingdom,United Kingdom,1140,21,18,55.3781,-3.4360000000000004,1101
2020-03-15,Netherlands,,1135,20,2,52.1326,5.2913,1113
2020-03-15,Sweden,,1022,3,1,60.1282,18.6435,1018
2020-03-15,Belgium,,886,4,1,50.5039,4.4699,881
2020-03-15,Denmark,Denmark,864,2,1,56.2639,9.5018,861
2020-03-15,Austria,,860,1,6,47.5162,14.5501,853
2020-03-15,Portugal,,245,0,2,39.3999,-8.2245,243
2020-03-15,Finland,,244,0,10,61.9241,25.7482,234
2020-03-15,Czech Republic,,253,0,0,49.8175,15.472999999999999,253
2020-03-15,Greece,,331,4,8,39.0742,21.8243,319
2020-03-15,Slovenia,,219,1,0,46.1512,14.9955,218
2020-03-15,Iceland,,171,5,8,64.9631,-19.0208,158
2020-03-15,Estonia,,171,0,1,58.5953,25.0136,170
2020-03-15,Romania,,131,0,9,45.9432,24.9668,122
2020-03-15,Ireland,,129,2,0,53.1424,-7.6921,127
2020-03-15,Poland,,119,3,0,51.9194,19.1451,116
2020-03-15,San Marino,,101,5,4,43.9424,12.4578,92
2020-03-15,Luxembourg,,59,1,0,49.8153,6.1296,58
2020-03-15,Slovakia,,54,0,0,48.669,19.699,54
2020-03-15,Croatia,,49,0,1,45.1,15.2,48
2020-03-15,Serbia,,48,0,0,44.0165,21.0059,48
2020-03-15,Bulgaria,,51,2,0,42.7339,25.4858,49
2020-03-15,Albania,,42,1,0,41.1533,20.1683,41
2020-03-15,Hungary,,32,1,1,47.1625,19.5033,30
2020-03-15,Latvia,,30,0,1,56.8796,24.6032,29
2020-03-15,Belarus,,27,0,3,53.7098,27.9534,24
2020-03-15,Cyprus,,26,0,0,35.1264,33.4299,26
2020-03-15,Bosnia and Herzegovina,,24,0,0,43.9159,17.6791,24
2020-03-15,Malta,,21,0,1,35.9375,14.3754,20
2020-03-15,North Macedonia,,14,0,1,41.6086,21.7453,13
2020-03-15,Lithuania,,12,0,1,55.1694,23.8813,11
2020-03-15,Moldova,,23,0,0,47.4116,28.3699,23
2020-03-15,Denmark,Faroe Islands,11,0,0,61.8926,-6.9118,11
2020-03-15,Turkey,,6,0,0,38.9637,35.2433,6
2020-03-15,France,French Guiana,7,0,0,3.9339,-53.1258,7
2020-03-15,Liechtenstein,,4,0,0,47.166000000000004,9.5554,4
2020-03-15,France,French Polynesia,3,0,0,-17.6797,-149.4068,3
2020-03-15,Ukraine,,3,1,0,48.3794,31.1656,2
2020-03-15,United Kingdom,Channel Islands,3,0,0,49.3723,-2.3644,3
2020-03-15,France,St Martin,2,0,0,18.0708,-63.0501,2
2020-03-15,Kosovo,,2,0,0,42.6026,20.903000000000002,2
2020-03-15,Monaco,,2,0,0,43.7384,7.4246,2
2020-03-15,Andorra,,1,0,1,42.5063,1.5218,0
2020-03-15,France,Mayotte,1,0,0,-12.8275,45.1662,1
2020-03-15,France,Saint Barthelemy,1,0,0,17.9,-62.8333,1
2020-03-15,Vatican City,,1,0,0,41.9029,12.4534,1
2020-03-15,United Kingdom,Gibraltar,1,0,1,36.1408,-5.3536,0
2020-03-16,Italy,,27980,2158,2749,41.8719,12.5674,23073
2020-03-16,Spain,,9942,342,530,40.4637,-3.7492,9070
2020-03-16,Germany,,7272,17,67,51.1657,10.4515,7188
2020-03-16,France,France,6633,148,12,46.2276,2.2137,6473
2020-03-16,Switzerland,,2200,14,4,46.8182,8.2275,2182
2020-03-16,United Kingdom,United Kingdom,1543,55,20,55.3781,-3.436,1468
2020-03-16,Netherlands,Netherlands,1413,24,2,52.1326,5.2913,1387
2020-03-16,Norway,,1333,3,1,60.472,8.4689,1329
2020-03-16,Sweden,,1103,6,1,60.1282,18.6435,1096
2020-03-16,Belgium,,1058,5,1,50.5039,4.4699,1052
2020-03-16,Austria,,1018,3,6,47.5162,14.5501,1009
2020-03-16,Denmark,Denmark,914,3,1,56.2639,9.5018,910
2020-03-16,Greece,,331,4,8,39.0742,21.8243,319
2020-03-16,Portugal,,331,0,3,39.3999,-8.2245,328
2020-03-16,Czech Republic,,298,0,3,49.8175,15.473,295
2020-03-16,Finland,,277,0,10,61.9241,25.7482,267
2020-03-16,Slovenia,,253,1,0,46.1512,14.9955,252
2020-03-16,Estonia,,205,0,1,58.5953,25.0136,204
2020-03-16,Iceland,,180,0,0,64.9631,-19.0208,180
2020-03-16,Poland,,177,4,13,51.9194,19.1451,160
2020-03-16,Ireland,,169,2,0,53.1424,-7.6921,167
2020-03-16,Romania,,158,0,9,45.9432,24.9668,149
2020-03-16,San Marino,,109,7,4,43.9424,12.4578,98
2020-03-16,Luxembourg,,77,1,0,49.8153,6.1296,76
2020-03-16,Slovakia,,63,0,0,48.669,19.699,63
2020-03-16,Croatia,,57,0,2,45.1,15.2,55
2020-03-16,Serbia,,55,0,1,44.0165,21.0059,54
2020-03-16,Bulgaria,,52,2,0,42.7339,25.4858,50
2020-03-16,Albania,,51,1,0,41.1533,20.1683,50
2020-03-16,Hungary,,39,1,1,47.1625,19.5033,37
2020-03-16,Belarus,,36,0,3,53.7098,27.9534,33
2020-03-16,Latvia,,34,0,1,56.8796,24.6032,33
2020-03-16,Cyprus,,33,0,0,35.1264,33.4299,33
2020-03-16,Malta,,30,0,2,35.9375,14.3754,28
2020-03-16,Bosnia and Herzegovina,,25,0,0,43.9159,17.6791,25
2020-03-16,Moldova,,23,0,0,47.4116,28.3699,23
2020-03-16,Denmark,Faroe Islands,18,0,0,61.8926,-6.9118,18
2020-03-16,North Macedonia,,18,0,1,41.6086,21.7453,17
2020-03-16,Turkey,,18,0,0,38.9637,35.2433,18
2020-03-16,Lithuania,,17,0,1,55.1694,23.8813,16
2020-03-16,Monaco,,7,0,0,43.7384,7.4246,7
2020-03-16,Ukraine,,7,1,0,48.3794,31.1656,6
2020-03-16,United Kingdom,Channel Islands,6,0,0,49.3723,-2.3644,6
2020-03-16,France,French Guiana,5,0,0,4.0,-53.0,5
2020-03-16,Liechtenstein,,4,0,0,47.166,9.5554,4
2020-03-16,France,French Polynesia,3,0,0,-17.6797,-149.4068,3
2020-03-16,France,Guadeloupe,3,0,0,16.25,-61.5833,3
2020-03-16,France,Saint Barthelemy,3,0,0,17.9,-62.8333,3
2020-03-16,Andorra,,2,0,1,42.5063,1.5218,1
2020-03-16,France,St Martin,2,0,0,18.0708,-63.0501,2
2020-03-16,Kosovo,,2,0,0,42.6026,20.903,2
2020-03-16,France,Mayotte,1,0,0,-12.8431,45.1383,1
2020-03-16,Vatican City,,1,0,0,41.9029,12.4534,1
2020-03-16,Netherlands,Curacao,1,0,0,12.1696,-68.99,1
2020-03-16,United Kingdom,Cayman Islands,1,1,0,19.3133,-81.2546,0
2020-03-16,United Kingdom,Gibraltar,1,0,1,36.1408,-5.3536,0
2020-03-17,Italy,,31506,2503,2941,41.8719,12.5674,26062
2020-03-17,Spain,,11748,533,1028,40.4637,-3.7492,10187
2020-03-17,Germany,,9257,24,67,51.1657,10.4515,9166
2020-03-17,France,France,7652,148,12,46.2276,2.2137,7492
2020-03-17,Switzerland,,2700,27,4,46.8182,8.2275,2669
2020-03-17,United Kingdom,United Kingdom,1950,55,52,55.3781,-3.436,1843
2020-03-17,Netherlands,Netherlands,1705,43,2,52.1326,5.2913,1660
2020-03-17,Norway,,1463,3,1,60.472,8.4689,1459
2020-03-17,Austria,,1332,3,1,47.5162,14.5501,1328
2020-03-17,Belgium,,1243,10,1,50.5039,4.4699,1232
2020-03-17,Sweden,,1190,7,1,60.1282,18.6435,1182
2020-03-17,Denmark,Denmark,977,4,1,56.2639,9.5018,972
2020-03-17,Portugal,,448,1,3,39.3999,-8.2245,444
2020-03-17,Czech Republic,,396,0,3,49.8175,15.473,393
2020-03-17,Greece,,387,5,8,39.0742,21.8243,374
2020-03-17,Finland,,321,0,10,61.9241,25.7482,311
2020-03-17,Slovenia,,275,1,0,46.1512,14.9955,274
2020-03-17,Poland,,238,5,13,51.9194,19.1451,220
2020-03-17,Estonia,,225,0,1,58.5953,25.0136,224
2020-03-17,Ireland,,223,2,5,53.1424,-7.6921,216
2020-03-17,Iceland,,220,1,0,64.9631,-19.0208,219
2020-03-17,Romania,,184,0,16,45.9432,24.9668,168
2020-03-17,Luxembourg,,140,1,0,49.8153,6.1296,139
2020-03-17,San Marino,,109,7,4,43.9424,12.4578,98
2020-03-17,Slovakia,,72,0,0,48.669,19.699,72
2020-03-17,Bulgaria,,67,2,0,42.7339,25.4858,65
2020-03-17,Croatia,,65,0,4,45.1,15.2,61
2020-03-17,Serbia,,65,0,1,44.0165,21.0059,64
2020-03-17,Albania,,55,1,0,41.1533,20.1683,54
2020-03-17,Hungary,,50,1,2,47.1625,19.5033,47
2020-03-17,Latvia,,49,0,1,56.8796,24.6032,48
2020-03-17,Denmark,Faroe Islands,47,0,0,61.8926,-6.9118,47
2020-03-17,Turkey,,47,1,0,38.9637,35.2433,46
2020-03-17,Cyprus,,46,0,0,35.1264,33.4299,46
2020-03-17,Andorra,,39,0,1,42.5063,1.5218,38
2020-03-17,Malta,,38,0,2,35.9375,14.3754,36
2020-03-17,Belarus,,36,0,3,53.7098,27.9534,33
2020-03-17,Moldova,,30,0,1,47.4116,28.3699,29
2020-03-17,Bosnia and Herzegovina,,26,0,2,43.9159,17.6791,24
2020-03-17,North Macedonia,,26,0,1,41.6086,21.7453,25
2020-03-17,Lithuania,,25,0,1,55.1694,23.8813,24
2020-03-17,Ukraine,,14,2,0,48.3794,31.1656,12
2020-03-17,France,Reunion,9,0,0,-21.1351,55.2471,9
2020-03-17,France,French Guiana,7,0,0,4.0,-53.0,7
2020-03-17,Liechtenstein,,7,0,0,47.166,9.5554,7
2020-03-17,Monaco,,7,0,0,43.7384,7.4246,7
2020-03-17,France,Guadeloupe,6,0,0,16.25,-61.5833,6
2020-03-17,United Kingdom,Channel Islands,6,0,0,49.3723,-2.3644,6
2020-03-17,France,French Polynesia,3,0,0,-17.6797,-149.4068,3
2020-03-17,France,Saint Barthelemy,3,0,0,17.9,-62.8333,3
2020-03-17,Netherlands,Curacao,3,0,0,12.1696,-68.99,3
2020-03-17,United Kingdom,Gibraltar,3,0,1,36.1408,-5.3536,2
2020-03-17,France,St Martin,2,0,0,18.0708,-63.0501,2
2020-03-17,Kosovo,,2,0,0,42.6026,20.903,2
2020-03-17,Montenegro,,2,0,0,42.5,19.3,2
2020-03-17,France,Mayotte,1,0,0,-12.8431,45.1383,1
2020-03-17,Vatican City,,1,0,0,41.9029,12.4534,1
2020-03-17,United Kingdom,Cayman Islands,1,1,0,19.3133,-81.2546,0
2020-03-18,Italy,,35713,2978,4025,41.8719,12.5674,28710
2020-03-18,Spain,,13910,623,1081,40.4637,-3.7492,12206
2020-03-18,Germany,,12327,28,105,51.1657,10.4515,12194
2020-03-18,France,France,9043,148,12,46.2276,2.2137,8883
2020-03-18,Switzerland,,3028,28,15,46.8182,8.2275,2985
2020-03-18,United Kingdom,United Kingdom,2626,71,65,55.3781,-3.436,2490
2020-03-18,Netherlands,Netherlands,2051,58,2,52.1326,5.2913,1991
2020-03-18,Austria,,1646,4,9,47.5162,14.5501,1633
2020-03-18,Norway,,1550,6,1,60.472,8.4689,1543
2020-03-18,Belgium,,1486,14,31,50.5039,4.4699,1441
2020-03-18,Sweden,,1279,10,1,60.1282,18.6435,1268
2020-03-18,Denmark,Denmark,1057,4,1,56.2639,9.5018,1052
2020-03-18,Czech Republic,,464,0,3,49.8175,15.473,461
2020-03-18,Portugal,,448,2,3,39.3999,-8.2245,443
2020-03-18,Greece,,418,5,8,39.0742,21.8243,405
2020-03-18,Finland,,336,0,10,61.9241,25.7482,326
2020-03-18,Ireland,,292,2,5,53.1424,-7.6921,285
2020-03-18,Slovenia,,275,1,0,46.1512,14.9955,274
2020-03-18,Romania,,260,0,19,45.9432,24.9668,241
2020-03-18,Estonia,,258,0,1,58.5953,25.0136,257
2020-03-18,Poland,,251,5,13,51.9194,19.1451,233
2020-03-18,Iceland,,250,1,5,64.9631,-19.0208,244
2020-03-18,Luxembourg,,203,2,0,49.8153,6.1296,201
2020-03-18,San Marino,,119,11,4,43.9424,12.4578,104
2020-03-18,Slovakia,,105,1,0,48.669,19.699,104
2020-03-18,Turkey,,98,1,0,38.9637,35.2433,97
2020-03-18,Bulgaria,,92,2,0,42.7339,25.4858,90
2020-03-18,Serbia,,83,0,1,44.0165,21.0059,82
2020-03-18,Croatia,,81,0,4,45.1,15.2,77
2020-03-18,Latvia,,71,0,1,56.8796,24.6032,70
2020-03-18,Albania,,59,2,0,41.1533,20.1683,57
2020-03-18,Denmark,Faroe Islands,58,0,0,61.8926,-6.9118,58
2020-03-18,Hungary,,58,1,2,47.1625,19.5033,55
2020-03-18,Belarus,,51,0,5,53.7098,27.9534,46
2020-03-18,Cyprus,,49,0,0,35.1264,33.4299,49
2020-03-18,Andorra,,39,0,1,42.5063,1.5218,38
2020-03-18,Bosnia and Herzegovina,,38,0,2,43.9159,17.6791,36
2020-03-18,Malta,,38,0,2,35.9375,14.3754,36
2020-03-18,North Macedonia,,35,0,1,41.6086,21.7453,34
2020-03-18,Moldova,,30,1,1,47.4116,28.3699,28
2020-03-18,Liechtenstein,,28,0,0,47.166,9.5554,28
2020-03-18,Lithuania,,27,0,1,55.1694,23.8813,26
2020-03-18,Ukraine,,14,2,0,48.3794,31.1656,12
2020-03-18,United Kingdom,Gibraltar,8,0,2,36.1408,-5.3536,6
2020-03-18,Monaco,,7,0,0,43.7384,7.4246,7
2020-03-18,United Kingdom,Channel Islands,6,0,0,49.3723,-2.3644,6
2020-03-18,France,French Polynesia,3,0,0,-17.6797,-149.4068,3
2020-03-18,France,Saint Barthelemy,3,0,0,17.9,-62.8333,3
2020-03-18,France,St Martin,3,0,0,18.0708,-63.0501,3
2020-03-18,Netherlands,Curacao,3,0,0,12.1696,-68.99,3
2020-03-18,Kosovo,,2,0,0,42.6026,20.903,2
2020-03-18,Netherlands,Aruba,2,0,0,12.5186,-70.0358,2
2020-03-18,Vatican City,,1,0,0,41.9029,12.4534,1
2020-03-18,Montenegro,,1,0,0,42.7087,19.3744,1
2020-03-18,United Kingdom,Cayman Islands,1,1,0,19.3133,-81.2546,0
2020-03-18,United Kingdom,Montserrat,1,0,0,16.7425,-62.1874,1
2020-03-18,France,French Guiana,0,0,0,4.0,-53.0,0
2020-03-18,France,Guadeloupe,0,0,0,16.25,-61.5833,0
2020-03-18,France,Mayotte,0,0,0,-12.8431,45.1383,0
2020-03-18,France,Reunion,0,0,0,-21.1351,55.2471,0
2020-03-19,Italy,,41035,3405,4440,41.8719,12.5674,33190
2020-03-19,Spain,,17963,830,1107,40.4637,-3.7492,16026
2020-03-19,Germany,,15320,44,113,51.1657,10.4515,15163
2020-03-19,France,France,10871,243,12,46.2276,2.2137,10616
2020-03-19,Switzerland,,4075,41,15,46.8182,8.2275,4019
2020-03-19,United Kingdom,United Kingdom,2689,137,65,55.3781,-3.436,2487
2020-03-19,Netherlands,Netherlands,2460,76,2,52.1326,5.2913,2382
2020-03-19,Austria,,2013,6,9,47.5162,14.5501,1998
2020-03-19,Belgium,,1795,21,31,50.5039,4.4699,1743
2020-03-19,Norway,,1746,7,1,60.472,8.4689,1738
2020-03-19,Sweden,,1439,11,16,60.1282,18.6435,1412
2020-03-19,Denmark,Denmark,1151,6,1,56.2639,9.5018,1144
2020-03-19,Portugal,,785,3,3,39.3999,-8.2245,779
2020-03-19,Czech Republic,,694,0,3,49.8175,15.473,691
2020-03-19,Ireland,,557,3,5,53.1424,-7.6921,549
2020-03-19,Greece,,418,6,8,39.0742,21.8243,404
2020-03-19,Finland,,400,0,10,61.9241,25.7482,390
2020-03-19,Poland,,355,5,1,51.9194,19.1451,349
2020-03-19,Luxembourg,,335,4,0,49.8153,6.1296,331
2020-03-19,Iceland,,330,1,5,64.9631,-19.0208,324
2020-03-19,Slovenia,,286,1,0,46.1512,14.9955,285
2020-03-19,Romania,,277,0,25,45.9432,24.9668,252
2020-03-19,Estonia,,267,0,1,58.5953,25.0136,266
2020-03-19,Turkey,,192,3,0,38.9637,35.2433,189
2020-03-19,Slovakia,,123,1,0,48.669,19.699,122
2020-03-19,San Marino,,119,11,4,43.9424,12.4578,104
2020-03-19,Croatia,,105,1,5,45.1,15.2,99
2020-03-19,Serbia,,103,0,1,44.0165,21.0059,102
2020-03-19,Bulgaria,,94,3,0,42.7339,25.4858,91
2020-03-19,Latvia,,86,0,1,56.8796,24.6032,85
2020-03-19,Hungary,,73,1,2,47.1625,19.5033,70
2020-03-19,Denmark,Faroe Islands,72,0,0,61.8926,-6.9118,72
2020-03-19,Cyprus,,67,0,0,35.1264,33.4299,67
2020-03-19,Albania,,64,2,0,41.1533,20.1683,62
2020-03-19,Bosnia and Herzegovina,,63,0,2,43.9159,17.6791,61
2020-03-19,Andorra,,53,0,1,42.5063,1.5218,52
2020-03-19,Malta,,53,0,2,35.9375,14.3754,51
2020-03-19,Belarus,,51,0,5,53.7098,27.9534,46
2020-03-19,Moldova,,49,1,1,47.4116,28.3699,47
2020-03-19,North Macedonia,,48,0,1,41.6086,21.7453,47
2020-03-19,Lithuania,,36,0,1,55.1694,23.8813,35
2020-03-19,Liechtenstein,,28,0,0,47.166,9.5554,28
2020-03-19,Ukraine,,16,2,0,48.3794,31.1656,14
2020-03-19,United Kingdom,Channel Islands,11,0,0,49.3723,-2.3644,11
2020-03-19,United Kingdom,Gibraltar,10,0,2,36.1408,-5.3536,8
2020-03-19,Monaco,,7,0,0,43.7384,7.4246,7
2020-03-19,France,French Polynesia,6,0,0,-17.6797,-149.4068,6
2020-03-19,France,St Martin,4,0,0,18.0708,-63.0501,4
2020-03-19,France,Saint Barthelemy,3,0,0,17.9,-62.8333,3
2020-03-19,Montenegro,,3,0,0,42.7087,19.3744,3
2020-03-19,Netherlands,Curacao,3,1,0,12.1696,-68.99,2
2020-03-19,United Kingdom,Cayman Islands,3,1,0,19.3133,-81.2546,2
2020-03-19,Denmark,Greenland,2,0,0,71.7069,-42.6043,2
2020-03-19,France,New Caledonia,2,0,0,-20.9043,165.618,2
2020-03-19,Kosovo,,2,0,0,42.6026,20.903,2
2020-03-19,Netherlands,Aruba,2,0,0,12.5186,-70.0358,2
2020-03-19,United Kingdom,Bermuda,2,0,0,32.3078,-64.7505,2
2020-03-19,Vatican City,,1,0,0,41.9029,12.4534,1
2020-03-19,United Kingdom,Montserrat,1,0,0,16.7425,-62.1874,1
2020-03-19,France,French Guiana,0,0,0,4.0,-53.0,0
2020-03-19,France,Guadeloupe,0,0,0,16.25,-61.5833,0
2020-03-19,France,Mayotte,0,0,0,-12.8431,45.1383,0
2020-03-19,France,Reunion,0,0,0,-21.1351,55.2471,0
2020-03-20,Italy,,47021,4032,4440,41.8719,12.5674,38549
2020-03-20,Spain,,20410,1043,1588,40.4637,-3.7492,17779
2020-03-20,Germany,,19848,67,180,51.1657,10.4515,19601
2020-03-20,France,France,12612,450,12,46.2276,2.2137,12150
2020-03-20,Switzerland,,5294,54,15,46.8182,8.2275,5225
2020-03-20,United Kingdom,United Kingdom,3983,177,65,55.3781,-3.436,3741
2020-03-20,Netherlands,Netherlands,2994,106,2,52.1326,5.2913,2886
2020-03-20,Austria,,2388,6,9,47.5162,14.5501,2373
2020-03-20,Belgium,,2257,37,1,50.5039,4.4699,2219
2020-03-20,Norway,,1914,7,1,60.472,8.4689,1906
2020-03-20,Sweden,,1639,16,16,60.1282,18.6435,1607
2020-03-20,Denmark,Denmark,1255,9,1,56.2639,9.5018,1245
2020-03-20,Portugal,,1020,6,5,39.3999,-8.2245,1009
2020-03-20,Czech Republic,,833,0,4,49.8175,15.473,829
2020-03-20,Ireland,,683,3,5,53.1424,-7.6921,675
2020-03-20,Greece,,495,6,19,39.0742,21.8243,470
2020-03-20,Luxembourg,,484,4,0,49.8153,6.1296,480
2020-03-20,Finland,,450,0,10,61.9241,25.7482,440
2020-03-20,Poland,,425,5,1,51.9194,19.1451,419
2020-03-20,Iceland,,409,0,5,64.9631,-19.0208,404
2020-03-20,Turkey,,359,4,0,38.9637,35.2433,355
2020-03-20,Slovenia,,341,1,0,46.1512,14.9955,340
2020-03-20,Romania,,308,0,25,45.9432,24.9668,283
2020-03-20,Estonia,,283,0,1,58.5953,25.0136,282
2020-03-20,San Marino,,144,14,4,43.9424,12.4578,126
2020-03-20,Slovakia,,137,1,0,48.669,19.699,136
2020-03-20,Serbia,,135,1,1,44.0165,21.0059,133
2020-03-20,Croatia,,128,1,5,45.1,15.2,122
2020-03-20,Bulgaria,,127,3,0,42.7339,25.4858,124
2020-03-20,Latvia,,111,0,1,56.8796,24.6032,110
2020-03-20,Bosnia and Herzegovina,,89,0,2,43.9159,17.6791,87
2020-03-20,Hungary,,85,3,2,47.1625,19.5033,80
2020-03-20,Denmark,Faroe Islands,80,0,0,61.8926,-6.9118,80
2020-03-20,Andorra,,75,0,1,42.5063,1.5218,74
2020-03-20,Albania,,70,2,0,41.1533,20.1683,68
2020-03-20,Belarus,,69,0,5,53.7098,27.9534,64
2020-03-20,Cyprus,,67,0,0,35.1264,33.4299,67
2020-03-20,North Macedonia,,67,0,1,41.6086,21.7453,66
2020-03-20,Moldova,,66,1,1,47.4116,28.3699,64
2020-03-20,Malta,,64,0,2,35.9375,14.3754,62
2020-03-20,Lithuania,,49,0,1,55.1694,23.8813,48
2020-03-20,Ukraine,,29,3,0,48.3794,31.1656,26
2020-03-20,Liechtenstein,,28,0,0,47.166,9.5554,28
2020-03-20,Montenegro,,14,0,0,42.7087,19.3744,14
2020-03-20,United Kingdom,Channel Islands,14,0,0,49.3723,-2.3644,14
2020-03-20,France,French Polynesia,11,0,0,-17.6797,-149.4068,11
2020-03-20,Monaco,,11,0,0,43.7384,7.4246,11
2020-03-20,United Kingdom,Gibraltar,10,0,2,36.1408,-5.3536,8
2020-03-20,Netherlands,Aruba,5,0,0,12.5211,-69.9683,5
2020-03-20,France,St Martin,4,0,0,18.0708,-63.0501,4
2020-03-20,France,Saint Barthelemy,3,0,0,17.9,-62.8333,3
2020-03-20,Netherlands,Curacao,3,1,0,12.1696,-68.99,2
2020-03-20,United Kingdom,Cayman Islands,3,1,0,19.3133,-81.2546,2
2020-03-20,Denmark,Greenland,2,0,0,71.7069,-42.6043,2
2020-03-20,France,New Caledonia,2,0,0,-20.9043,165.618,2
2020-03-20,Kosovo,,2,0,0,42.6026,20.903,2
2020-03-20,United Kingdom,Bermuda,2,0,0,32.3078,-64.7505,2
2020-03-20,Vatican City,,1,0,0,41.9029,12.4534,1
2020-03-20,Netherlands,Sint Maarten,1,0,0,18.0425,-63.0548,1
2020-03-20,United Kingdom,Isle of Man,1,0,0,54.2361,-4.5481,1
2020-03-20,United Kingdom,Montserrat,1,0,0,16.7425,-62.1874,1
2020-03-20,France,French Guiana,0,0,0,4.0,-53.0,0
2020-03-20,France,Guadeloupe,0,0,0,16.25,-61.5833,0
2020-03-20,France,Mayotte,0,0,0,-12.8431,45.1383,0
2020-03-20,France,Reunion,0,0,0,-21.1351,55.2471,0
2020-03-21,Italy,,53578,4825,6072,41.8719,12.5674,42681
2020-03-21,Spain,,25374,1375,2125,40.4637,-3.7492,21874
2020-03-21,Germany,,22213,84,233,51.1657,10.4515,21896
2020-03-21,France,France,14282,562,12,46.2276,2.2137,13708
2020-03-21,Switzerland,,6575,75,15,46.8182,8.2275,6485
2020-03-21,United Kingdom,United Kingdom,5018,233,65,55.3781,-3.436,4720
2020-03-21,Netherlands,Netherlands,3631,136,2,52.1326,5.2913,3493
2020-03-21,Belgium,,2815,67,263,50.5039,4.4699,2485
2020-03-21,Austria,,2814,8,9,47.5162,14.5501,2797
2020-03-21,Norway,,2118,7,1,60.472,8.4689,2110
2020-03-21,Sweden,,1763,20,16,60.1282,18.6435,1727
2020-03-21,Denmark,Denmark,1326,13,1,56.2639,9.5018,1312
2020-03-21,Portugal,,1280,12,5,39.3999,-8.2245,1263
2020-03-21,Czech Republic,,995,0,6,49.8175,15.473,989
2020-03-21,Ireland,,785,3,5,53.1424,-7.6921,777
2020-03-21,Luxembourg,,670,8,0,49.8153,6.1296,662
2020-03-21,Turkey,,670,9,0,38.9637,35.2433,661
2020-03-21,Poland,,536,5,1,51.9194,19.1451,530
2020-03-21,Greece,,530,13,19,39.0742,21.8243,498
2020-03-21,Finland,,523,1,10,61.9241,25.7482,512
2020-03-21,Iceland,,473,1,22,64.9631,-19.0208,450
2020-03-21,Slovenia,,383,1,0,46.1512,14.9955,382
2020-03-21,Romania,,367,0,52,45.9432,24.9668,315
2020-03-21,Estonia,,306,0,1,58.5953,25.0136,305
2020-03-21,Croatia,,206,1,5,45.1,15.2,200
2020-03-21,Slovakia,,178,1,0,48.669,19.699,177
2020-03-21,Serbia,,171,1,1,44.0165,21.0059,169
2020-03-21,Bulgaria,,163,3,3,42.7339,25.4858,157
2020-03-21,San Marino,,144,20,4,43.9424,12.4578,120
2020-03-21,Latvia,,124,0,1,56.8796,24.6032,123
2020-03-21,Hungary,,103,4,7,47.1625,19.5033,92
2020-03-21,Bosnia and Herzegovina,,93,1,2,43.9159,17.6791,90
2020-03-21,Denmark,Faroe Islands,92,0,0,61.8926,-6.9118,92
2020-03-21,Andorra,,88,0,1,42.5063,1.5218,87
2020-03-21,North Macedonia,,85,0,1,41.6086,21.7453,84
2020-03-21,Cyprus,,84,0,0,35.1264,33.4299,84
2020-03-21,Lithuania,,83,1,1,55.1694,23.8813,81
2020-03-21,Moldova,,80,1,1,47.4116,28.3699,78
2020-03-21,Albania,,76,2,2,41.1533,20.1683,72
2020-03-21,Belarus,,76,0,15,53.7098,27.9534,61
2020-03-21,Malta,,73,0,2,35.9375,14.3754,71
2020-03-21,Ukraine,,47,3,1,48.3794,31.1656,43
2020-03-21,Liechtenstein,,37,0,0,47.166,9.5554,37
2020-03-21,United Kingdom,Channel Islands,32,0,0,49.3723,-2.3644,32
2020-03-21,France,French Polynesia,15,0,0,-17.6797,-149.4068,15
2020-03-21,Montenegro,,14,0,0,42.7087,19.3744,14
2020-03-21,Monaco,,11,0,0,43.7384,7.4246,11
2020-03-21,United Kingdom,Gibraltar,10,0,2,36.1408,-5.3536,8
2020-03-21,Netherlands,Aruba,5,0,0,12.5211,-69.9683,5
2020-03-21,France,New Caledonia,4,0,0,-20.9043,165.618,4
2020-03-21,France,St Martin,4,0,0,18.0708,-63.0501,4
2020-03-21,France,Saint Barthelemy,3,0,0,17.9,-62.8333,3
2020-03-21,Netherlands,Curacao,3,1,0,12.1696,-68.99,2
2020-03-21,United Kingdom,Cayman Islands,3,1,0,19.3133,-81.2546,2
2020-03-21,Denmark,Greenland,2,0,0,71.7069,-42.6043,2
2020-03-21,Kosovo,,2,0,0,42.6026,20.903,2
2020-03-21,United Kingdom,Bermuda,2,0,0,32.3078,-64.7505,2
2020-03-21,Vatican City,,1,0,0,41.9029,12.4534,1
2020-03-21,Netherlands,Sint Maarten,1,0,0,18.0425,-63.0548,1
2020-03-21,United Kingdom,Isle of Man,1,0,0,54.2361,-4.5481,1
2020-03-21,United Kingdom,Montserrat,1,0,0,16.7425,-62.1874,1
2020-03-21,France,French Guiana,0,0,0,4.0,-53.0,0
2020-03-21,France,Guadeloupe,0,0,0,16.25,-61.5833,0
2020-03-21,France,Mayotte,0,0,0,-12.8431,45.1383,0
2020-03-21,France,Reunion,0,0,0,-21.1351,55.2471,0
2020-03-22,Italy,,59138,5476,7024,41.87194,12.56738,46638
2020-03-22,Spain,,28603,1756,2125,40.463667,-3.7492199999999998,24722
2020-03-22,Germany,,24873,94,266,51.165690999999995,10.451526,24513
2020-03-22,France,,16018,674,2200,46.2276,2.2137,13144
2020-03-22,Switzerland,,7474,98,131,46.8182,8.2275,7245
2020-03-22,United Kingdom,,5683,281,93,55.3781,-3.4360000000000004,5309
2020-03-22,Netherlands,,4204,179,2,52.1326,5.2913,4023
2020-03-22,Austria,,3580,16,9,47.5162,14.5501,3555
2020-03-22,Belgium,,3401,75,263,50.8333,4.469936,3063
2020-03-22,Norway,,2263,7,6,60.472,8.4689,2250
2020-03-22,Sweden,,1931,21,16,60.128161,18.643501,1894
2020-03-22,Portugal,,1600,14,5,39.3999,-8.2245,1581
2020-03-22,Denmark,,1395,13,1,56.2639,9.5018,1381
2020-03-22,Turkey,,1236,30,0,38.9637,35.2433,1206
2020-03-22,Czech Republic,,1120,1,6,49.8175,15.472999999999999,1113
2020-03-22,Ireland,,906,4,5,53.1424,-7.6921,897
2020-03-22,Luxembourg,,798,8,6,49.8153,6.1296,784
2020-03-22,Poland,,634,7,13,51.9194,19.1451,614
2020-03-22,Finland,,626,1,10,61.92411,25.748151,615
2020-03-22,Greece,,624,15,19,39.0742,21.8243,590
2020-03-22,Iceland,,568,1,5,64.9631,-19.0208,562
2020-03-22,Romania,,433,3,64,45.9432,24.9668,366
2020-03-22,Slovenia,,414,2,0,46.1512,14.9955,412
2020-03-22,Estonia,,326,0,4,58.5953,25.0136,322
2020-03-22,Croatia,,254,1,5,45.1,15.2,248
2020-03-22,Serbia,,222,2,2,44.0165,21.0059,218
2020-03-22,Bulgaria,,187,3,3,42.7339,25.4858,181
2020-03-22,Slovakia,,185,0,7,48.669,19.699,178
2020-03-22,San Marino,,175,20,4,43.9424,12.4578,151
2020-03-22,Latvia,,139,0,1,56.8796,24.6032,138
2020-03-22,Hungary,,131,6,16,47.1625,19.5033,109
2020-03-22,Lithuania,,129,1,1,55.1694,23.8813,127
2020-03-22,Bosnia and Herzegovina,,126,1,2,43.9159,17.6791,123
2020-03-22,North Macedonia,,115,1,1,41.6086,21.7453,113
2020-03-22,Denmark,Faroe Islands,115,0,3,61.8926,-6.9118,112
2020-03-22,Andorra,,113,1,1,42.5063,1.5218,111
2020-03-22,Cyprus,,95,1,3,35.1264,33.4299,91
2020-03-22,Moldova,,94,1,1,47.4116,28.3699,92
2020-03-22,Malta,,90,0,2,35.9375,14.3754,88
2020-03-22,Albania,,89,2,2,41.1533,20.1683,85
2020-03-22,Belarus,,76,0,15,53.7098,27.9534,61
2020-03-22,Ukraine,,73,3,1,48.3794,31.1656,69
2020-03-22,France,Guadeloupe,56,1,0,16.265,-61.551,55
2020-03-22,France,Reunion,47,0,1,-21.1151,55.5364,46
2020-03-22,France,Martinique,37,1,0,14.6415,-61.0242,36
2020-03-22,Liechtenstein,,37,0,0,47.14,9.55,37
2020-03-22,United Kingdom,Channel Islands,32,0,0,49.3723,-2.3644,32
2020-03-22,Monaco,,23,0,1,43.7333,7.4167,22
2020-03-22,Montenegro,,21,0,0,42.708678000000006,19.37439,21
2020-03-22,France,French Guiana,18,0,0,4.0,-53.0,18
2020-03-22,France,French Polynesia,15,0,0,-17.6797,149.4068,15
2020-03-22,United Kingdom,Gibraltar,15,0,2,36.1408,-5.3536,13
2020-03-22,France,Mayotte,11,0,0,-12.8275,45.166244,11
2020-03-22,Netherlands,Aruba,9,0,1,12.5211,-69.9683,8
2020-03-22,United Kingdom,Isle of Man,5,0,0,54.2361,-4.5481,5
2020-03-22,France,St Martin,5,0,0,18.0708,-63.0501,5
2020-03-22,Denmark,Greenland,4,0,0,71.7069,-42.6043,4
2020-03-22,France,New Caledonia,4,0,0,-20.904304999999997,165.618042,4
2020-03-22,United Kingdom,Cayman Islands,3,1,0,19.3133,-81.2546,2
2020-03-22,Netherlands,Curacao,3,1,0,12.1696,-68.99,2
2020-03-22,France,Saint Barthelemy,3,0,0,17.9,-62.8333,3
2020-03-22,United Kingdom,Bermuda,2,0,0,32.3078,-64.7505,2
2020-03-22,Vatican City,,1,0,0,41.9029,12.4534,1
2020-03-22,United Kingdom,Montserrat,1,0,0,16.742498,-62.187366000000004,1
2020-03-22,Netherlands,Sint Maarten,1,0,0,18.0425,-63.0548,1
2020-03-23,Netherlands,Aruba,9,0,1,12.5211,-69.9683,8
2020-03-23,United Kingdom,Bermuda,6,0,0,32.3078,-64.7505,6
2020-03-23,United Kingdom,Cayman Islands,5,1,0,19.3133,-81.2546,4
2020-03-23,United Kingdom,Channel Islands,36,0,0,49.3723,-2.3644,36
2020-03-23,Netherlands,Curacao,4,1,0,12.1696,-68.99,3
2020-03-23,Denmark,Faroe Islands,118,0,23,61.8926,-6.9118,95
2020-03-23,France,French Guiana,20,0,6,4.0,-53.0,14
2020-03-23,France,French Polynesia,19874,860,2200,-17.6797,-149.4068,16814
2020-03-23,United Kingdom,Gibraltar,15,0,5,36.1408,-5.3536,10
2020-03-23,Denmark,Greenland,4,0,0,71.7069,-42.6043,4
2020-03-23,France,Guadeloupe,62,1,0,16.265,-61.551,61
2020-03-23,United Kingdom,Isle of Man,13,0,0,54.2361,-4.5481,13
2020-03-23,France,Martinique,53,1,0,14.6415,-61.0242,52
2020-03-23,France,Mayotte,24,0,0,-12.8275,45.166244,24
2020-03-23,United Kingdom,Montserrat,1,0,0,16.742498,-62.187366,1
2020-03-23,France,New Caledonia,8,0,0,-20.904305,165.618042,8
2020-03-23,France,Reunion,71,0,1,-21.1151,55.5364,70
2020-03-23,France,Saint Barthelemy,3,0,0,17.9,-62.8333,3
2020-03-23,Netherlands,Sint Maarten,2,0,0,18.0425,-63.0548,2
2020-03-23,France,St Martin,8,0,0,18.0708,-63.0501,8
2020-03-23,Albania,,104,4,2,41.1533,20.1683,98
2020-03-23,Andorra,,133,1,1,42.5063,1.5218,131
2020-03-23,Austria,,4474,21,9,47.5162,14.5501,4444
2020-03-23,Belarus,,81,0,22,53.7098,27.9534,59
2020-03-23,Belgium,,3743,88,401,50.8333,4.469936,3254
2020-03-23,Bosnia and Herzegovina,,132,1,2,43.9159,17.6791,129
2020-03-23,Bulgaria,,201,3,3,42.7339,25.4858,195
2020-03-23,Croatia,,315,1,5,45.1,15.2,309
2020-03-23,Cyprus,,116,1,3,35.1264,33.4299,112
2020-03-23,Czech Republic,,1236,1,7,49.8175,15.473,1228
2020-03-23,Denmark,,1450,24,1,56.2639,9.5018,1425
2020-03-23,Estonia,,352,0,4,58.5953,25.0136,348
2020-03-23,Finland,,700,1,10,61.92411,25.748151,689
2020-03-23,Germany,,29056,123,453,51.165691,10.451526,28480
2020-03-23,Greece,,695,17,29,39.0742,21.8243,649
2020-03-23,Vatican City,,1,0,0,41.9029,12.4534,1
2020-03-23,Hungary,,167,7,16,47.1625,19.5033,144
2020-03-23,Iceland,,588,1,51,64.9631,-19.0208,536
2020-03-23,Ireland,,1125,6,5,53.1424,-7.6921,1114
2020-03-23,Italy,,63927,6077,7432,41.87194,12.56738,50418
2020-03-23,Latvia,,180,0,1,56.8796,24.6032,179
2020-03-23,Liechtenstein,,51,0,0,47.14,9.55,51
2020-03-23,Lithuania,,179,1,1,55.1694,23.8813,177
2020-03-23,Luxembourg,,875,8,6,49.8153,6.1296,861
2020-03-23,Malta,,107,0,2,35.9375,14.3754,105
2020-03-23,Moldova,,109,1,2,47.4116,28.3699,106
2020-03-23,Monaco,,23,0,1,43.7333,7.4167,22
2020-03-23,Montenegro,,27,1,0,42.708678000000006,19.37439,26
2020-03-23,Netherlands,,4749,213,2,52.1326,5.2913,4534
2020-03-23,North Macedonia,,136,2,1,41.6086,21.7453,133
2020-03-23,Norway,,2621,10,6,60.472,8.4689,2605
2020-03-23,Poland,,749,8,13,51.9194,19.1451,728
2020-03-23,Portugal,,2060,23,14,39.3999,-8.2245,2023
2020-03-23,Romania,,576,7,73,45.9432,24.9668,496
2020-03-23,San Marino,,187,20,4,43.9424,12.4578,163
2020-03-23,Serbia,,249,3,3,44.0165,21.0059,243
2020-03-23,Slovakia,,186,0,7,48.669,19.699,179
2020-03-23,Slovenia,,442,3,0,46.1512,14.9955,439
2020-03-23,Spain,,35136,2311,3355,40.463667,-3.74922,29470
2020-03-23,Sweden,,2046,25,16,60.128161,18.643501,2005
2020-03-23,Switzerland,,8795,120,131,46.8182,8.2275,8544
2020-03-23,Turkey,,1529,37,0,38.9637,35.2433,1492
2020-03-23,Ukraine,,73,3,1,48.3794,31.1656,69
2020-03-23,United Kingdom,,6650,335,135,55.3781,-3.4360000000000004,6180
2020-03-24,Netherlands,Aruba,12,0,1,12.5211,-69.9683,11
2020-03-24,United Kingdom,Bermuda,6,0,0,32.3078,-64.7505,6
2020-03-24,United Kingdom,Cayman Islands,6,1,0,19.3133,-81.2546,5
2020-03-24,United Kingdom,Channel Islands,36,0,0,49.3723,-2.3644,36
2020-03-24,Netherlands,Curacao,6,1,0,12.1696,-68.99,5
2020-03-24,Denmark,Faroe Islands,122,0,33,61.8926,-6.9118,89
2020-03-24,France,French Guiana,23,0,6,4.0,-53.0,17
2020-03-24,France,French Polynesia,25,0,0,-17.6797,-149.4068,25
2020-03-24,United Kingdom,Gibraltar,15,0,5,36.1408,-5.3536,10
2020-03-24,Denmark,Greenland,5,0,2,71.7069,-42.6043,3
2020-03-24,France,Guadeloupe,62,1,0,16.265,-61.551,61
2020-03-24,United Kingdom,Isle of Man,23,0,0,54.2361,-4.5481,23
2020-03-24,France,Martinique,57,1,0,14.6415,-61.0242,56
2020-03-24,France,Mayotte,36,0,0,-12.8275,45.166244,36
2020-03-24,United Kingdom,Montserrat,1,0,0,16.742498,-62.187366,1
2020-03-24,France,New Caledonia,10,0,0,-20.904305,165.618042,10
2020-03-24,France,Reunion,94,0,1,-21.1151,55.5364,93
2020-03-24,France,Saint Barthelemy,3,0,0,17.9,-62.8333,3
2020-03-24,Netherlands,Sint Maarten,2,0,0,18.0425,-63.0548,2
2020-03-24,France,St Martin,8,0,0,18.0708,-63.0501,8
2020-03-24,Albania,,123,5,10,41.1533,20.1683,108
2020-03-24,Andorra,,164,1,1,42.5063,1.5218,162
2020-03-24,Austria,,5283,28,9,47.5162,14.5501,5246
2020-03-24,Belarus,,81,0,22,53.7098,27.9534,59
2020-03-24,Belgium,,4269,122,461,50.8333,4.469936,3686
2020-03-24,Bosnia and Herzegovina,,166,3,2,43.9159,17.6791,161
2020-03-24,Bulgaria,,218,3,3,42.7339,25.4858,212
2020-03-24,Croatia,,382,1,5,45.1,15.2,376
2020-03-24,Cyprus,,124,3,3,35.1264,33.4299,118
2020-03-24,Czech Republic,,1394,3,10,49.8175,15.473,1381
2020-03-24,Denmark,,1591,32,1,56.2639,9.5018,1558
2020-03-24,Estonia,,369,0,7,58.5953,25.0136,362
2020-03-24,Finland,,792,1,10,61.92411,25.748151,781
2020-03-24,France,,22304,1100,3281,46.2276,2.2137,17923
2020-03-24,Germany,,32986,157,3243,51.165691,10.451526,29586
2020-03-24,Greece,,743,20,29,39.0742,21.8243,694
2020-03-24,Vatican City,,4,0,0,41.9029,12.4534,4
2020-03-24,Hungary,,187,9,21,47.1625,19.5033,157
2020-03-24,Iceland,,648,2,51,64.9631,-19.0208,595
2020-03-24,Ireland,,1329,7,5,53.1424,-7.6921,1317
2020-03-24,Italy,,69176,6820,8326,41.87194,12.56738,54030
2020-03-24,Latvia,,197,0,1,56.8796,24.6032,196
2020-03-24,Liechtenstein,,51,0,0,47.14,9.55,51
2020-03-24,Lithuania,,209,2,1,55.1694,23.8813,206
2020-03-24,Luxembourg,,1099,8,6,49.8153,6.1296,1085
2020-03-24,Malta,,110,0,2,35.9375,14.3754,108
2020-03-24,Moldova,,125,1,2,47.4116,28.3699,122
2020-03-24,Monaco,,23,0,1,43.7333,7.4167,22
2020-03-24,Montenegro,,47,1,0,42.708678000000006,19.37439,46
2020-03-24,Netherlands,,5560,276,2,52.1326,5.2913,5282
2020-03-24,North Macedonia,,148,2,1,41.6086,21.7453,145
2020-03-24,Norway,,2863,12,6,60.472,8.4689,2845
2020-03-24,Poland,,901,10,1,51.9194,19.1451,890
2020-03-24,Portugal,,2362,33,22,39.3999,-8.2245,2307
2020-03-24,Romania,,794,11,79,45.9432,24.9668,704
2020-03-24,San Marino,,187,21,4,43.9424,12.4578,162
2020-03-24,Serbia,,303,3,15,44.0165,21.0059,285
2020-03-24,Slovakia,,204,0,7,48.669,19.699,197
2020-03-24,Slovenia,,480,4,3,46.1512,14.9955,473
2020-03-24,Spain,,39885,2808,3794,40.463667,-3.74922,33283
2020-03-24,Sweden,,2286,36,16,60.128161,18.643501,2234
2020-03-24,Switzerland,,9877,122,131,46.8182,8.2275,9624
2020-03-24,Turkey,,1872,44,0,38.9637,35.2433,1828
2020-03-24,Ukraine,,97,3,1,48.3794,31.1656,93
2020-03-24,United Kingdom,,8077,422,135,55.3781,-3.4360000000000004,7520
2020-03-25,Netherlands,Aruba,17,0,1,12.5211,-69.9683,16
2020-03-25,United Kingdom,Bermuda,7,0,0,32.3078,-64.7505,7
2020-03-25,United Kingdom,Cayman Islands,8,1,0,19.3133,-81.2546,7
2020-03-25,United Kingdom,Channel Islands,46,0,0,49.3723,-2.3644,46
2020-03-25,Netherlands,Curacao,6,1,0,12.1696,-68.99,5
2020-03-25,Denmark,Faroe Islands,132,0,38,61.8926,-6.9118,94
2020-03-25,France,French Guiana,28,0,6,4.0,-53.0,22
2020-03-25,France,French Polynesia,25,0,0,-17.6797,-149.4068,25
2020-03-25,United Kingdom,Gibraltar,26,0,5,36.1408,-5.3536,21
2020-03-25,Denmark,Greenland,6,0,2,71.7069,-42.6043,4
2020-03-25,France,Guadeloupe,73,1,0,16.265,-61.551,72
2020-03-25,United Kingdom,Isle of Man,23,0,0,54.2361,-4.5481,23
2020-03-25,France,Martinique,66,1,0,14.6415,-61.0242,65
2020-03-25,France,Mayotte,36,0,0,-12.8275,45.166244,36
2020-03-25,United Kingdom,Montserrat,1,0,0,16.742498,-62.187366,1
2020-03-25,France,New Caledonia,14,0,0,-20.904305,165.618042,14
2020-03-25,France,Reunion,111,0,1,-21.1151,55.5364,110
2020-03-25,France,Saint Barthelemy,3,0,0,17.9,-62.8333,3
2020-03-25,Netherlands,Sint Maarten,3,0,0,18.0425,-63.0548,3
2020-03-25,France,St Martin,11,0,0,18.0708,-63.0501,11
2020-03-25,Albania,,146,5,17,41.1533,20.1683,124
2020-03-25,Andorra,,188,1,1,42.5063,1.5218,186
2020-03-25,Austria,,5588,30,9,47.5162,14.5501,5549
2020-03-25,Belarus,,86,0,29,53.7098,27.9534,57
2020-03-25,Belgium,,4937,178,547,50.8333,4.469936,4212
2020-03-25,Bosnia and Herzegovina,,176,3,2,43.9159,17.6791,171
2020-03-25,Bulgaria,,242,3,4,42.7339,25.4858,235
2020-03-25,Croatia,,442,1,22,45.1,15.2,419
2020-03-25,Cyprus,,132,3,3,35.1264,33.4299,126
2020-03-25,Czech Republic,,1654,6,10,49.8175,15.473,1638
2020-03-25,Denmark,,1724,34,1,56.2639,9.5018,1689
2020-03-25,Estonia,,404,1,8,58.5953,25.0136,395
2020-03-25,Finland,,880,3,10,61.92411,25.748151,867
2020-03-25,France,,25233,1331,3900,46.2276,2.2137,20002
2020-03-25,Germany,,37323,206,3547,51.165691,10.451526,33570
2020-03-25,Greece,,821,22,36,39.0742,21.8243,763
2020-03-25,Vatican City,,4,0,0,41.9029,12.4534,4
2020-03-25,Hungary,,226,10,21,47.1625,19.5033,195
2020-03-25,Iceland,,737,2,56,64.9631,-19.0208,679
2020-03-25,Ireland,,1564,9,5,53.1424,-7.6921,1550
2020-03-25,Italy,,74386,7503,9362,41.87194,12.56738,57521
2020-03-25,Latvia,,221,0,1,56.8796,24.6032,220
2020-03-25,Liechtenstein,,51,0,0,47.14,9.55,51
2020-03-25,Lithuania,,274,4,1,55.1694,23.8813,269
2020-03-25,Luxembourg,,1333,8,6,49.8153,6.1296,1319
2020-03-25,Malta,,129,0,2,35.9375,14.3754,127
2020-03-25,Moldova,,149,1,2,47.4116,28.3699,146
2020-03-25,Monaco,,31,0,1,43.7333,7.4167,30
2020-03-25,Montenegro,,52,1,0,42.708678000000006,19.37439,51
2020-03-25,Netherlands,,6412,356,3,52.1326,5.2913,6053
2020-03-25,North Macedonia,,177,3,1,41.6086,21.7453,173
2020-03-25,Norway,,3084,14,6,60.472,8.4689,3064
2020-03-25,Poland,,1051,14,7,51.9194,19.1451,1030
2020-03-25,Portugal,,2995,43,22,39.3999,-8.2245,2930
2020-03-25,Romania,,906,17,86,45.9432,24.9668,803
2020-03-25,San Marino,,208,21,4,43.9424,12.4578,183
2020-03-25,Serbia,,384,4,15,44.0165,21.0059,365
2020-03-25,Slovakia,,216,0,7,48.669,19.699,209
2020-03-25,Slovenia,,528,5,10,46.1512,14.9955,513
2020-03-25,Spain,,49515,3647,5367,40.463667,-3.74922,40501
2020-03-25,Sweden,,2526,62,16,60.128161,18.643501,2448
2020-03-25,Switzerland,,10897,153,131,46.8182,8.2275,10613
2020-03-25,Turkey,,2433,59,26,38.9637,35.2433,2348
2020-03-25,Ukraine,,145,5,1,48.3794,31.1656,139
2020-03-25,United Kingdom,,9529,465,135,55.3781,-3.4360000000000004,8929
2020-03-26,Netherlands,Aruba,28,0,1,12.5211,-69.9683,27
2020-03-26,United Kingdom,Bermuda,15,0,2,32.3078,-64.7505,13
2020-03-26,United Kingdom,Cayman Islands,8,1,0,19.3133,-81.2546,7
2020-03-26,United Kingdom,Channel Islands,66,1,0,49.3723,-2.3644,65
2020-03-26,Netherlands,Curacao,6,1,2,12.1696,-68.99,3
2020-03-26,Denmark,Faroe Islands,140,0,47,61.8926,-6.9118,93
2020-03-26,France,French Guiana,28,0,6,4.0,-53.0,22
2020-03-26,France,French Polynesia,30,0,0,-17.6797,-149.4068,30
2020-03-26,United Kingdom,Gibraltar,35,0,13,36.1408,-5.3536,22
2020-03-26,Denmark,Greenland,6,0,2,71.7069,-42.6043,4
2020-03-26,France,Guadeloupe,73,1,0,16.265,-61.551,72
2020-03-26,United Kingdom,Isle of Man,25,0,0,54.2361,-4.5481,25
2020-03-26,France,Martinique,66,1,0,14.6415,-61.0242,65
2020-03-26,France,Mayotte,36,0,0,-12.8275,45.166244,36
2020-03-26,United Kingdom,Montserrat,5,0,0,16.742498,-62.187366,5
2020-03-26,France,New Caledonia,14,0,0,-20.904305,165.618042,14
2020-03-26,France,Reunion,135,0,1,-21.1151,55.5364,134
2020-03-26,France,Saint Barthelemy,3,0,0,17.9,-62.8333,3
2020-03-26,Netherlands,Sint Maarten,3,0,0,18.0425,-63.0548,3
2020-03-26,France,St Martin,11,0,0,18.0708,-63.0501,11
2020-03-26,Albania,,174,6,17,41.1533,20.1683,151
2020-03-26,Andorra,,224,3,1,42.5063,1.5218,220
2020-03-26,Austria,,6909,49,112,47.5162,14.5501,6748
2020-03-26,Belarus,,86,0,29,53.7098,27.9534,57
2020-03-26,Belgium,,6235,220,675,50.8333,4.469936,5340
2020-03-26,Bosnia and Herzegovina,,191,3,2,43.9159,17.6791,186
2020-03-26,Bulgaria,,264,3,8,42.7339,25.4858,253
2020-03-26,Croatia,,495,3,22,45.1,15.2,470
2020-03-26,Cyprus,,146,3,4,35.1264,33.4299,139
2020-03-26,Czech Republic,,1925,9,10,49.8175,15.473,1906
2020-03-26,Denmark,,1877,41,1,56.2639,9.5018,1835
2020-03-26,Estonia,,538,1,8,58.5953,25.0136,529
2020-03-26,Finland,,958,5,10,61.92411,25.748151,943
2020-03-26,France,,29155,1696,4948,46.2276,2.2137,22511
2020-03-26,Germany,,43938,267,5673,51.165691,10.451526,37998
2020-03-26,Greece,,892,26,36,39.0742,21.8243,830
2020-03-26,Vatican City,,4,0,0,41.9029,12.4534,4
2020-03-26,Hungary,,261,10,28,47.1625,19.5033,223
2020-03-26,Iceland,,802,2,82,64.9631,-19.0208,718
2020-03-26,Ireland,,1819,19,5,53.1424,-7.6921,1795
2020-03-26,Italy,,80589,8215,10361,41.87194,12.56738,62013
2020-03-26,Kosovo,,71,1,0,42.602636,20.902977,70
2020-03-26,Latvia,,244,0,1,56.8796,24.6032,243
2020-03-26,Liechtenstein,,56,0,0,47.14,9.55,56
2020-03-26,Lithuania,,299,4,1,55.1694,23.8813,294
2020-03-26,Luxembourg,,1453,9,6,49.8153,6.1296,1438
2020-03-26,Malta,,134,0,2,35.9375,14.3754,132
2020-03-26,Moldova,,177,1,2,47.4116,28.3699,174
2020-03-26,Monaco,,33,0,1,43.7333,7.4167,32
2020-03-26,Montenegro,,69,1,0,42.708678000000006,19.37439,68
2020-03-26,Netherlands,,7431,434,3,52.1326,5.2913,6994
2020-03-26,North Macedonia,,201,3,3,41.6086,21.7453,195
2020-03-26,Norway,,3369,14,6,60.472,8.4689,3349
2020-03-26,Poland,,1221,16,7,51.9194,19.1451,1198
2020-03-26,Portugal,,3544,60,43,39.3999,-8.2245,3441
2020-03-26,Romania,,1029,23,94,45.9432,24.9668,912
2020-03-26,San Marino,,208,21,4,43.9424,12.4578,183
2020-03-26,Serbia,,384,1,0,44.0165,21.0059,383
2020-03-26,Slovakia,,226,0,2,48.669,19.699,224
2020-03-26,Slovenia,,562,6,10,46.1512,14.9955,546
2020-03-26,Spain,,57786,4365,7015,40.463667,-3.74922,46406
2020-03-26,Sweden,,2840,77,16,60.128161,18.643501,2747
2020-03-26,Switzerland,,11811,191,131,46.8182,8.2275,11489
2020-03-26,Turkey,,3629,75,26,38.9637,35.2433,3528
2020-03-26,Ukraine,,196,5,1,48.3794,31.1656,190
2020-03-26,United Kingdom,,11658,578,135,55.3781,-3.4360000000000004,10945
2020-03-27,Netherlands,Aruba,33,0,1,12.5211,-69.9683,32
2020-03-27,United Kingdom,Bermuda,17,0,2,32.3078,-64.7505,15
2020-03-27,United Kingdom,Cayman Islands,8,1,0,19.3133,-81.2546,7
2020-03-27,United Kingdom,Channel Islands,88,1,0,49.3723,-2.3644,87
2020-03-27,Netherlands,Curacao,8,1,2,12.1696,-68.99,5
2020-03-27,Denmark,Faroe Islands,144,0,54,61.8926,-6.9118,90
2020-03-27,France,French Guiana,28,0,6,4.0,-53.0,22
2020-03-27,France,French Polynesia,30,0,0,-17.6797,-149.4068,30
2020-03-27,United Kingdom,Gibraltar,55,0,14,36.1408,-5.3536,41
2020-03-27,Denmark,Greenland,10,0,2,71.7069,-42.6043,8
2020-03-27,France,Guadeloupe,73,1,0,16.265,-61.551,72
2020-03-27,United Kingdom,Isle of Man,29,0,0,54.2361,-4.5481,29
2020-03-27,France,Martinique,81,1,0,14.6415,-61.0242,80
2020-03-27,France,Mayotte,50,0,0,-12.8275,45.166244,50
2020-03-27,United Kingdom,Montserrat,5,0,0,16.742498,-62.187366,5
2020-03-27,France,New Caledonia,15,0,0,-20.904305,165.618042,15
2020-03-27,France,Reunion,145,0,1,-21.1151,55.5364,144
2020-03-27,France,Saint Barthelemy,5,0,0,17.9,-62.8333,5
2020-03-27,Netherlands,Sint Maarten,3,0,0,18.0425,-63.0548,3
2020-03-27,France,St Martin,11,0,0,18.0708,-63.0501,11
2020-03-27,Albania,,186,8,31,41.1533,20.1683,147
2020-03-27,Andorra,,267,3,1,42.5063,1.5218,263
2020-03-27,Austria,,7657,58,225,47.5162,14.5501,7374
2020-03-27,Belarus,,94,0,32,53.7098,27.9534,62
2020-03-27,Belgium,,7284,289,858,50.8333,4.469936,6137
2020-03-27,Bosnia and Herzegovina,,237,4,5,43.9159,17.6791,228
2020-03-27,Bulgaria,,293,3,9,42.7339,25.4858,281
2020-03-27,Croatia,,586,3,37,45.1,15.2,546
2020-03-27,Cyprus,,162,5,15,35.1264,33.4299,142
2020-03-27,Czech Republic,,2279,9,11,49.8175,15.473,2259
2020-03-27,Denmark,,2046,52,1,56.2639,9.5018,1993
2020-03-27,Estonia,,575,1,11,58.5953,25.0136,563
2020-03-27,Finland,,1041,7,10,61.92411,25.748151,1024
2020-03-27,France,,32964,1995,5700,46.2276,2.2137,25269
2020-03-27,Germany,,50871,342,6658,51.165691,10.451526,43871
2020-03-27,Greece,,966,28,52,39.0742,21.8243,886
2020-03-27,Vatican City,,4,0,0,41.9029,12.4534,4
2020-03-27,Hungary,,300,10,34,47.1625,19.5033,256
2020-03-27,Iceland,,890,2,97,64.9631,-19.0208,791
2020-03-27,Ireland,,2121,22,5,53.1424,-7.6921,2094
2020-03-27,Italy,,86498,9134,10950,41.87194,12.56738,66414
2020-03-27,Kosovo,,86,1,1,42.602636,20.902977,84
2020-03-27,Latvia,,280,0,1,56.8796,24.6032,279
2020-03-27,Liechtenstein,,56,0,0,47.14,9.55,56
2020-03-27,Lithuania,,358,5,1,55.1694,23.8813,352
2020-03-27,Luxembourg,,1605,15,40,49.8153,6.1296,1550
2020-03-27,Malta,,139,0,2,35.9375,14.3754,137
2020-03-27,Moldova,,199,2,2,47.4116,28.3699,195
2020-03-27,Monaco,,42,0,1,43.7333,7.4167,41
2020-03-27,Montenegro,,82,1,0,42.708678000000006,19.37439,81
2020-03-27,Netherlands,,8603,546,3,52.1326,5.2913,8054
2020-03-27,North Macedonia,,219,3,3,41.6086,21.7453,213
2020-03-27,Norway,,3755,19,6,60.472,8.4689,3730
2020-03-27,Poland,,1389,16,7,51.9194,19.1451,1366
2020-03-27,Portugal,,4268,76,43,39.3999,-8.2245,4149
2020-03-27,Romania,,1292,26,115,45.9432,24.9668,1151
2020-03-27,San Marino,,223,21,4,43.9424,12.4578,198
2020-03-27,Serbia,,457,1,0,44.0165,21.0059,456
2020-03-27,Slovakia,,269,0,2,48.669,19.699,267
2020-03-27,Slovenia,,632,9,10,46.1512,14.9955,613
2020-03-27,Spain,,65719,5138,9357,40.463667,-3.74922,51224
2020-03-27,Sweden,,3069,105,16,60.128161,18.643501,2948
2020-03-27,Switzerland,,12928,231,1530,46.8182,8.2275,11167
2020-03-27,Turkey,,5698,92,42,38.9637,35.2433,5564
2020-03-27,Ukraine,,310,5,5,48.3794,31.1656,300
2020-03-27,United Kingdom,,14543,759,135,55.3781,-3.4360000000000004,13649
